3;-2;1;8;1;2;-1;0;-3;1;-1;9;7;-2;1;-2;-3;-4;-14;-4;7;-2;1;-2;2;3;18;7;0;1;-4;0;-2;-4;-24;-15;-5;1;-3;-2;-4;-1;-4;19;13;-2;1;-4;-2;-4;21;-3;-8;-1;1;-2;0;0;-1;-5;5;-2;-3;-1;4
-1;9;21;15;12;1;-2;-2;-4;0;15;-2;-30;-5;1;-4;-8;-9;-20;-18;16;2;0;-4;7;0;-23;1;-14;-1;-2;-12;5;-2;6;11;13;3;3;28;-1;2;20;-4;-23;-10;-2;-5;2;-3;15;6;-2;0;-1;4;-4;-4;-25;3;4;1;-2;-3;4
-2;-5;-23;-35;-43;-7;-4;0;0;0;17;13;14;2;0;2;-2;0;13;12;-16;-6;-1;-7;-1;-2;-19;-3;6;-1;-2;-3;-1;-6;7;13;17;0;-3;-1;0;3;-6;-1;-4;-1;-1;3;-1;0;-3;5;1;0;-2;-5;1;0;-10;-29;-3;-3;-3;-1;4
-3;3;30;6;-11;-6;-3;-3;1;-2;-12;-3;9;2;1;1;1;3;-9;4;-13;-3;-1;0;-3;-8;-29;7;7;-2;0;0;-1;3;27;-15;5;0;0;-3;-1;0;-1;20;11;3;0;1;-7;-5;8;-32;-21;-5;-2;-1;0;1;-5;26;13;3;0;-4;4
-3;-2;-9;0;-4;0;1;-3;-1;-4;-20;10;18;3;1;0;-3;-1;2;-31;-37;-3;1;-3;-9;0;3;6;26;0;-5;-15;8;0;-10;-8;-16;-2;0;10;-1;-1;-8;-19;4;2;0;4;-1;0;18;18;8;-2;0;0;-3;-1;2;1;-5;-1;1;2;4
-1;0;-11;-12;-5;-2;-6;-1;-5;1;17;-9;-10;-4;-3;-6;-2;-5;-14;2;-1;0;-1;0;0;1;-6;-12;2;1;0;2;-2;-1;15;19;10;0;0;-3;-1;-3;-13;2;-4;-1;0;0;0;-2;-4;-17;7;-6;-4;1;1;1;0;-4;-25;-1;-2;1;4
-1;1;-18;9;9;-1;-1;-1;3;2;-2;1;4;1;-2;0;-2;2;14;-7;-13;-4;1;1;-1;-8;-27;9;5;6;2;1;-5;-1;19;-19;-6;-5;-3;-4;3;5;-4;-6;-4;-5;-1;1;-2;-2;-4;7;-5;1;-2;0;-3;-1;0;-1;6;0;0;-4;4
-1;-2;6;-17;-1;1;1;-6;-1;0;3;0;-23;-8;-3;1;0;1;17;14;23;1;1;-3;-1;-1;0;-7;-17;-3;-3;2;-3;-4;-9;0;-5;-1;-1;-2;-3;0;-4;5;6;0;-2;-4;0;-4;-13;-10;-7;-3;0;1;1;1;11;7;11;2;0;1;4
0;0;5;0;3;-4;-3;-4;-2;-3;-4;-2;-1;2;-2;-19;7;-2;-7;-6;-2;-2;0;27;-2;-1;-3;3;-5;-4;-2;-3;2;-6;-24;-19;5;3;2;1;-5;5;14;-4;-24;-11;-6;-4;-4;-2;-11;-12;5;4;1;-10;0;-2;-1;-18;-1;-2;-3;0;4
0;-3;4;1;0;1;-1;0;-2;-1;9;-5;9;0;1;2;-3;-6;-12;-6;27;6;0;-4;1;5;0;-4;-50;-11;-5;0;0;-1;-3;-8;-3;1;0;1;-3;-2;-3;-1;15;0;1;-1;-2;1;-6;-5;-22;-8;-4;-3;-1;-7;0;5;11;1;-2;0;4
1;4;2;-2;3;1;0;0;-1;-3;-10;-14;-16;-5;-3;-1;0;-3;2;14;22;2;0;-3;-2;-4;-27;-13;-2;1;-1;0;1;2;38;9;-10;-1;-2;-1;-2;-3;4;10;1;-1;-1;-1;0;-1;-21;-24;-9;-3;-2;-2;-1;1;6;8;13;0;0;-1;4
-1;2;5;20;9;2;1;0;-4;-4;0;7;4;0;-1;-1;-3;0;6;-16;-32;-4;1;-1;-3;-3;-15;4;10;1;-3;0;-3;-3;-10;-8;4;-3;-1;-2;-1;-5;-8;-10;-1;1;1;0;-2;1;8;17;4;0;-1;-1;-2;3;0;1;-17;-4;-1;-3;4
0;-1;-20;-20;-9;-4;-3;-3;1;0;22;24;5;-1;-1;0;-1;-4;-14;-18;-16;-3;-4;0;-1;2;14;-15;-19;-3;-2;0;-2;-5;-13;0;7;4;3;0;0;0;-1;-6;-10;-3;-1;-2;-2;-6;-27;1;19;2;-1;-1;1;7;54;24;1;-1;-3;-2;4
-2;3;11;-7;-13;0;-2;-1;-5;-5;-10;3;9;0;-2;-3;2;1;2;12;13;2;0;4;-3;-2;3;3;0;-1;1;-1;-1;1;-16;-3;-4;0;-2;-4;1;-2;18;8;0;0;-1;0;0;-2;-33;-22;0;0;1;3;-4;7;53;3;-26;-7;-2;-3;4
1;-3;-17;0;4;1;-4;-2;-1;2;-1;-2;-25;-12;-4;-1;0;-4;-6;-12;-7;0;0;0;0;-2;-6;10;4;-2;-2;-3;2;1;19;-15;-6;-2;-1;3;-1;-5;-28;-4;7;2;-1;1;-2;3;23;2;17;2;-1;-3;0;-4;-4;-10;-33;-7;-4;0;4
0;6;11;-5;-22;-6;-3;-6;-4;-3;17;-5;13;2;-1;1;-3;-6;-24;-14;-2;-1;-1;-7;1;3;38;15;5;1;1;3;-1;-1;-11;-1;-6;-6;-2;-4;-4;-2;7;2;-4;-2;-1;-2;-2;-5;-21;-10;5;0;-2;-1;0;0;14;7;-2;-2;-1;3;4
1;5;24;13;-3;-2;0;1;-2;-2;0;9;6;1;1;-3;1;-4;-14;5;15;4;1;3;-1;-2;-3;-19;-30;-7;-4;-1;0;-2;6;28;5;0;-2;0;0;0;0;-35;-7;-2;-1;-2;-1;-9;-9;1;-1;-2;-1;2;0;0;-1;9;7;2;-1;1;4
0;-2;-14;-47;-16;-3;-1;2;-1;-4;-3;18;2;1;-1;-5;-1;-1;8;-2;3;-1;-2;3;-1;-1;-22;-13;5;2;0;-2;-2;1;11;8;-7;-2;-1;-4;0;-2;-1;-1;1;-1;0;0;-8;-3;3;8;1;0;0;-10;6;1;-8;-10;7;0;-1;13;4
-4;-4;-15;-6;0;-1;-1;-3;-2;-3;-8;-6;0;-2;-4;-4;3;5;29;12;-3;-3;-2;1;-11;-3;-18;-13;7;-2;-2;-8;6;-4;-17;-1;1;1;-2;-7;2;0;34;7;-7;-2;1;15;0;-3;3;-1;8;-1;0;3;-1;0;0;18;16;-1;0;0;4
0;2;2;0;-4;-1;-1;-1;-2;-1;-12;-8;2;1;-1;-5;-1;-1;-13;-12;4;-3;0;0;0;-1;7;0;-17;-3;-3;0;-3;-4;0;-6;6;2;-1;-4;-2;-2;-2;8;9;-2;-1;-3;-3;0;1;-6;-18;-2;-3;2;-2;-1;-16;-11;-1;-3;-1;-1;4
0;0;14;-9;-11;-6;-1;-2;-2;-1;8;11;3;-3;-2;-1;-1;-6;-11;-14;0;2;-1;-2;-2;-3;-10;7;0;2;1;0;-2;-2;11;13;4;-1;0;0;-1;3;-10;-34;-23;-7;-4;-1;0;-7;-10;10;15;0;0;1;1;-1;11;-24;-5;-1;-1;-1;4
-3;3;0;-7;-12;-2;-1;-3;0;1;-8;-5;0;-2;0;-1;-3;-2;5;-3;-6;-3;-1;-2;-1;0;4;19;37;4;-1;0;-1;-6;-14;-29;-38;-3;0;1;-1;4;2;-2;-13;-6;-3;-2;-2;-1;20;5;1;0;-1;-1;-3;-3;-6;2;9;1;-2;-2;4
7;-2;-5;3;6;-1;-2;-7;3;-4;20;9;-10;-1;1;18;-1;-2;-4;26;13;-3;-1;-4;2;0;-14;-22;-7;-1;0;4;-5;-1;-1;12;14;2;0;-7;-4;-2;3;-7;-7;-2;-2;-6;0;-2;-12;-7;-12;-3;-2;2;0;2;2;-1;-18;-1;0;-3;4
-3;1;9;10;-1;-1;-3;-4;2;-1;-14;-16;-1;-2;1;-1;-3;0;16;3;11;-1;-2;-3;2;-7;-17;1;-9;-3;-1;4;-1;1;-2;-22;-18;-3;0;-3;-1;-2;-3;4;3;0;0;-4;-3;-2;-21;6;3;1;-1;-4;1;0;1;-3;-4;-3;-1;1;4
-2;0;-9;4;2;1;0;-1;-2;-4;-5;13;13;1;0;-3;1;0;-4;-34;-15;-6;-1;4;-1;-2;-6;6;-4;1;0;-3;-3;1;-13;-2;8;-1;-3;-4;-2;-3;6;9;-14;-3;-2;-2;1;-2;-17;0;11;1;1;4;0;-2;-10;-6;1;-3;-4;-3;4
-2;-3;6;-10;-9;-2;-1;1;1;-1;-17;-6;6;0;0;-1;-2;0;-1;23;2;0;0;3;0;1;2;-34;-24;-5;-3;-3;-2;-2;4;15;6;1;0;0;0;1;-3;-1;6;-2;-2;-2;-2;1;4;7;-12;-3;-1;2;-3;-5;-2;6;2;-1;0;-1;4
0;-6;-30;-7;2;-1;-1;-2;-1;1;2;19;8;0;1;0;0;-1;7;-13;-13;-4;1;1;-7;-3;4;10;9;0;-3;-19;6;3;-9;3;2;0;0;20;-2;-4;-2;-3;-3;-1;0;-2;2;-2;7;8;-5;-3;-2;-2;-5;-1;-1;0;0;-5;-3;0;4
-3;-4;-12;-12;-6;-2;-3;-6;0;0;16;4;5;0;0;-1;1;-3;-7;12;22;1;-1;2;0;1;3;-9;-9;-2;-2;0;-9;-5;0;12;-1;0;1;-6;8;0;-1;6;-13;-4;-2;-11;2;0;-1;-7;3;-2;-1;21;-3;-5;-2;3;14;3;-3;-2;4
-4;-5;-6;10;21;4;1;-2;-2;0;-4;2;-9;-2;0;-6;-2;-3;-15;-10;-13;-6;-3;-1;-1;-2;4;15;20;4;0;1;-2;-3;-1;-2;4;0;-2;-5;-1;0;-24;-31;-11;-3;-2;0;0;2;20;24;0;-2;0;0;-6;-3;3;-7;-16;-4;-3;-16;4
1;-5;-7;5;8;2;1;0;0;3;6;-2;13;0;-2;4;0;0;-12;-11;-25;-4;-2;-3;-1;-2;6;13;-1;-1;0;-2;-1;0;1;1;-2;-1;2;2;-5;-8;-32;-12;8;-1;-1;1;2;-2;11;24;14;0;-2;-21;6;1;1;1;9;4;4;28;4
-3;-1;-14;-30;-5;-1;-1;-6;-1;-6;4;2;-2;3;0;1;-1;4;6;-17;-12;-3;-2;3;-3;-1;-2;-8;-13;-4;-4;-5;0;1;1;2;0;-1;-2;-2;-1;-1;-2;-1;-9;1;-1;2;-2;-3;-13;-2;17;1;0;1;-4;-4;4;12;10;2;0;-5;4
1;-3;-8;-2;19;4;0;4;-2;-3;-11;3;-18;-1;-2;-5;1;2;20;0;1;-2;-1;4;0;-6;-22;-1;22;2;1;-2;-1;0;0;-9;-28;-6;-2;-2;1;-2;-9;-10;-3;0;0;-1;-1;0;1;7;9;-2;-2;2;-1;0;16;-7;-2;1;-3;-3;4
1;0;9;10;0;-1;-2;-3;-3;-2;-33;6;10;-1;-1;0;1;2;16;-22;-19;0;-1;1;-3;-4;-14;-9;9;2;-1;-3;-1;-1;7;-5;-5;0;0;2;-2;1;0;2;-14;-5;-5;-1;-2;-3;1;9;2;-2;-2;-4;-2;-2;-9;-23;2;0;0;-3;4
-3;-4;-8;-15;-4;-4;0;-1;0;-3;-14;-4;15;2;2;3;-2;-2;7;14;18;6;0;1;-1;0;5;-18;-31;-9;-3;-1;2;6;14;22;8;-1;-2;-4;3;0;-7;-14;-29;-4;-2;2;-1;-4;-10;16;17;2;0;0;-1;-3;4;-2;-6;-1;-5;-4;4
-1;-4;-14;0;10;0;-1;-5;-1;-4;-10;-3;-14;-3;-1;2;0;0;18;15;1;-1;-2;-6;-2;-2;-12;-23;12;0;-1;3;-7;-2;9;11;-8;-2;-2;-19;6;-5;-12;-1;6;0;-1;20;-1;1;-16;-5;-1;-1;-1;-1;0;0;3;5;-11;0;1;3;4
0;-2;-6;14;6;1;-2;-21;2;-1;-11;-16;-13;-3;1;24;-1;-2;-2;-8;4;2;-1;-3;2;0;-3;-7;8;-3;-2;-1;-5;-1;3;6;-7;-1;1;-2;-4;-2;-7;0;0;-2;-1;-12;0;-2;-5;-16;1;0;-2;0;2;0;10;6;6;-1;0;7;4
-1;-1;9;4;8;0;-1;4;-5;1;-2;5;-3;1;0;-14;-2;-3;-6;10;9;0;-2;-3;-1;-3;-15;-33;-11;-1;2;4;-1;0;19;10;-6;-4;-1;-2;-5;-3;6;7;2;-7;-4;-6;0;1;0;5;10;2;-1;-1;-3;-1;3;-4;11;-1;0;-4;4
-4;0;18;17;6;1;-1;-1;4;1;-1;8;1;4;0;-12;3;1;-9;-25;-1;-3;1;20;-3;-6;2;7;-13;-2;-1;-4;4;-2;-7;-7;0;-2;0;4;-4;-1;-11;0;3;2;1;-3;-3;3;34;18;-2;-3;0;-12;1;-4;-23;-20;8;1;0;1;4
1;-3;-8;-14;-8;0;-1;-2;-1;6;21;39;31;0;-2;-2;-3;-2;-7;-23;-41;-8;-3;-1;-14;1;5;6;5;2;-2;-14;5;-7;-10;-6;-2;-2;-1;5;3;-2;-19;0;1;4;1;3;-1;3;23;10;4;-2;0;0;-3;-1;1;1;5;1;-1;0;4
-4;-1;-5;-4;8;0;0;-1;0;1;12;18;2;-2;-4;-5;-3;1;-1;-13;-15;-1;-2;1;-1;-4;-15;9;15;4;1;-7;0;0;4;-12;-17;-6;-1;1;1;-2;-15;-15;-16;-2;-1;0;-1;2;22;18;13;0;-2;0;-1;-1;7;5;-10;0;-1;-5;4
0;0;11;9;0;-3;-1;2;-1;-2;-3;-16;-2;-1;-1;-2;-2;-5;-13;-8;9;2;-1;-1;-12;0;-12;-15;-12;-4;-3;-12;10;-2;8;6;3;0;-1;6;-3;2;5;31;17;3;0;3;-2;-1;-23;-26;-24;-4;-1;-4;0;-1;14;17;2;-1;0;2;4
2;3;14;-7;-18;-6;-4;3;1;0;-2;-7;6;0;1;-1;-4;0;5;21;3;-1;-1;0;0;-3;-3;-28;-5;-2;-1;-2;-1;1;-5;-3;9;3;1;-2;0;2;-1;2;1;-2;0;1;-4;-2;4;4;-1;1;-2;-1;-8;-1;0;0;-12;-5;-2;-7;4
7;5;7;21;11;1;1;-10;3;-4;-15;-16;-8;2;2;20;0;2;-16;-21;-21;-8;-5;-4;0;0;31;31;5;-1;-2;1;-4;-4;-13;-28;-4;-1;-1;0;-4;-2;-13;23;5;-4;-2;-9;-1;-4;9;4;22;5;1;3;1;-1;-9;8;-14;-4;-3;-3;4
-2;-4;-8;7;1;0;2;1;-5;1;7;13;12;2;-2;-3;2;0;7;6;-21;-3;-1;-2;-3;-6;-24;-42;-14;-6;-2;-3;0;-3;1;3;9;0;2;2;0;4;9;6;9;-1;-1;-6;-2;-2;-2;-44;-15;-5;-1;1;-2;-3;-17;24;24;5;1;-3;4
7;1;3;-2;-24;-4;-2;-16;3;-1;-24;-11;0;2;2;20;-2;2;14;-3;-7;-4;-2;-1;1;-6;-4;-6;-2;-1;-1;3;-6;-6;-28;21;24;7;1;-6;-2;1;11;-6;1;-2;-4;-10;3;2;-4;-17;-28;-4;-1;2;-3;-3;-18;-2;2;-1;0;1;4
-3;0;24;17;-9;-2;-2;3;-4;-9;-32;-16;3;2;0;-8;-1;-1;7;-5;-18;-4;-3;2;-1;2;12;-4;-9;-4;-1;-4;-5;1;-3;-9;12;-1;-2;-4;-2;-4;-7;5;-1;-1;0;-1;0;1;5;10;11;0;-4;-11;2;-4;-4;-2;4;1;2;24;4
-1;-5;-14;5;22;4;0;-2;-2;2;1;-5;-30;-6;-4;-5;-4;-3;-17;1;13;2;0;-8;-4;-3;18;14;-16;-3;-3;-2;-3;-2;1;-9;8;-1;-1;-2;-3;-2;-7;-20;14;-3;-5;-4;-10;-2;4;-2;-14;-2;-1;-7;8;-3;-19;-13;-5;-3;-1;5;4
1;3;5;-2;-18;-4;-2;1;-3;1;-7;-3;15;2;-3;-13;2;-6;-23;-10;-14;-1;0;21;1;4;30;4;5;-3;-3;-3;2;-2;-28;8;13;1;0;2;-3;3;38;13;-20;-4;-1;-3;-4;-3;-9;-47;-4;-2;-2;-10;-7;-8;-9;-1;13;4;1;-6;4
-2;-1;1;3;14;1;-1;-4;1;-4;-2;-2;-8;-5;-3;-1;-2;-4;-7;3;22;2;-1;0;-3;-2;-2;-12;-22;-7;-2;-3;1;-3;-13;-14;-11;-4;-1;0;1;4;47;25;17;6;1;0;-8;-5;-8;24;-15;-4;-3;-6;5;-2;-10;-20;2;-3;-3;-13;4
-4;-2;-6;10;18;2;-1;-3;-3;0;22;8;-1;2;1;-1;-8;-2;0;-18;-31;-6;-4;-16;-4;-5;-25;-10;11;3;-1;1;-2;3;39;30;4;-4;-4;-2;-1;-4;-26;-46;-20;-3;-3;-3;-5;0;32;17;15;3;0;-4;-2;-2;-12;-8;-11;-4;0;3;4
4;-1;-8;-17;6;-2;-1;12;1;0;8;6;12;-3;-2;-14;8;1;9;4;5;0;1;26;-3;0;0;-14;-27;-5;-2;0;-2;-1;1;15;19;2;-1;-5;-4;-3;0;1;-7;-2;0;-5;-4;-4;-11;-1;3;3;0;-5;3;1;10;-7;-15;-6;0;4;4
-3;-1;9;7;-6;-2;0;-3;-1;0;-9;-25;-18;-2;0;5;-4;-3;-4;-6;-6;-4;-1;-10;-2;0;-8;3;2;0;-3;-8;-1;-6;-3;-16;38;3;-1;-1;0;3;15;1;-61;-10;-3;-3;-1;2;1;0;-8;-2;0;2;-1;-3;-1;-8;-2;-1;-2;-2;4
-1;3;3;-16;-13;-2;-1;1;0;1;3;13;3;-6;-5;-4;-6;-2;-6;-11;-19;-3;-3;-7;2;-2;-13;-26;-4;-1;-2;-6;-1;1;11;8;-10;0;0;3;-5;-5;-5;-1;20;0;-2;-5;-1;-5;-21;-6;-7;-2;1;0;4;4;28;25;3;1;-3;0;4
-3;-2;-16;-12;-13;-3;-3;-7;-2;0;7;-4;-6;-3;-2;-3;-1;0;7;44;30;6;0;1;-3;-4;-11;-45;-37;-6;1;-4;-5;-5;4;15;16;2;-2;4;0;-2;-12;-23;-7;-1;0;-5;-1;2;8;6;-16;-5;-3;0;-11;-4;-15;2;8;3;0;-9;4
-1;-3;-17;1;4;0;-2;-14;6;0;-15;-6;-2;1;2;25;-3;1;24;-7;-4;0;-1;-4;0;-4;-20;15;13;-2;0;2;-3;1;12;-5;-20;-3;-1;-2;-3;0;4;8;12;1;-1;-9;3;0;9;8;-18;0;1;-2;-3;-2;-4;-18;-3;-1;2;2;4
1;-1;-26;-30;7;2;1;6;-3;0;22;23;3;1;-2;-9;0;-2;1;12;-7;-4;0;2;-1;-1;2;-23;-14;-4;-4;-1;-4;-3;-1;2;17;1;-2;-2;-4;-1;-12;1;5;-1;0;-5;2;-2;-10;-13;-13;-3;-3;-10;-1;-1;20;24;-1;0;0;19;4
-2;2;12;2;-7;-4;-3;-8;1;-2;-9;-8;-5;0;1;-4;-5;-4;2;7;6;2;0;1;3;0;7;15;-4;-5;-2;3;-5;-5;-22;-31;-17;-1;0;-5;1;4;11;20;14;-2;-2;-2;-3;-1;22;-12;-16;-5;-3;-5;1;-4;-10;0;-3;0;-1;7;4
5;3;11;0;-1;-3;2;26;-2;0;-7;-13;1;1;-1;-3;-1;-4;4;16;24;1;-2;-4;-5;-2;-2;-17;-37;-8;0;2;-3;-1;-9;-11;-4;-1;-3;-16;1;0;15;20;0;-1;1;4;-3;1;-2;-5;-2;-1;-2;1;-6;-3;-2;11;26;3;0;-4;4
-1;2;14;16;12;-2;-3;-6;-3;-2;-3;10;-22;-3;0;2;1;-3;-8;-3;2;1;1;-3;-4;-2;-6;4;11;3;1;-2;-1;-1;5;-24;-13;-5;-4;-1;-1;1;-1;-4;-1;-3;-2;-2;0;-4;-17;9;4;-3;0;3;1;3;12;-6;-15;-2;-2;-2;4
-2;0;20;22;5;0;-1;-4;-11;-5;-10;-25;0;2;-1;-5;8;1;11;2;-10;-1;-2;1;1;-2;-27;-6;25;5;3;7;-4;-2;15;-10;-30;-5;-4;-4;4;3;12;12;10;-4;-2;6;-8;-6;-12;-7;1;2;-2;-7;-1;3;10;2;-29;-11;-4;-6;4
2;-4;-26;-45;-16;-1;0;0;-1;0;-2;-13;-15;-4;-1;2;-3;1;4;11;-9;-5;-4;0;-2;-2;12;-8;-2;-1;-1;-8;-3;-5;-14;12;18;2;0;3;-2;3;10;15;18;0;-2;-5;-9;0;-2;-17;-27;-6;-3;-7;7;-2;-15;-6;0;0;0;10;4
1;0;3;-8;-22;-3;1;24;0;-2;-12;0;3;3;2;-1;2;2;7;-2;10;1;-1;4;-7;-3;8;2;-14;-4;-4;-7;-2;-5;-17;-28;1;1;-1;-9;4;-3;3;3;-2;-4;-2;-2;-2;-3;5;-5;10;-1;1;-1;-2;1;-4;-4;-8;-2;-1;1;4
-5;-5;-27;-13;1;0;-3;-2;3;0;12;0;3;1;-2;-10;0;-2;-11;23;17;4;3;19;-3;-2;0;-14;-15;-3;-2;-6;2;3;7;-2;-3;-4;0;4;-6;-7;-25;-6;-13;-1;-2;-2;-3;2;7;1;-3;-4;-3;-12;2;2;8;3;10;4;1;3;4
0;-1;-18;-24;-13;-3;-2;2;0;-1;4;6;-5;-2;1;1;-3;0;-4;3;9;0;1;-2;2;-2;-6;13;7;0;1;-1;1;-4;0;-10;6;-1;-1;0;0;-1;-7;-1;-4;0;-3;1;-3;-3;0;-12;-3;-1;1;-2;-1;-4;11;15;5;-3;-3;-1;4
-1;-3;-5;10;8;1;-2;-1;-7;-1;2;-8;-11;0;-4;-14;7;0;2;6;8;1;0;19;-3;0;-5;4;9;0;-1;-3;2;-1;-1;-22;-27;-3;0;0;-5;-5;-4;-5;16;2;2;0;-5;1;-6;-9;-17;-3;-1;-11;-3;-3;3;-2;-6;-4;-3;-2;4
-2;0;-18;-18;-5;-4;-3;1;-3;-3;-13;-9;6;1;-2;-8;-2;2;6;0;-14;-6;-4;-6;-1;-8;-23;-12;-8;1;3;2;2;4;38;0;-27;-5;-1;-2;-4;-2;1;3;10;-3;-3;-4;-1;-1;-8;-7;-9;0;0;0;-1;0;-7;2;-7;-3;-2;-4;4
-3;-4;7;31;27;5;-1;-2;-2;1;6;-20;-27;-5;-4;-4;3;2;7;32;24;1;-1;1;-4;-2;-5;-6;-20;-7;-5;-3;-13;-3;-2;5;0;0;-2;-13;7;1;2;-30;-11;-6;-2;2;-1;-1;-4;18;-10;0;0;7;-4;-4;4;13;25;0;-1;-5;4
2;-1;-1;-3;-9;-6;-1;2;1;-1;-6;-19;-13;0;0;4;-6;-5;9;9;0;-2;-4;-12;0;-2;-20;1;5;-1;-1;-1;3;-2;8;9;4;-1;-1;4;2;-1;-18;-5;-3;0;0;-2;-2;0;35;-2;-1;-2;-4;-1;-1;-1;14;-18;-9;-5;-1;-2;4
1;1;-20;-16;6;-1;0;1;-1;-1;3;1;-7;-1;0;1;-10;0;19;2;3;0;-1;-6;1;-3;-9;-3;-1;0;-1;-17;6;-1;-4;-7;-13;-5;1;21;-2;-2;0;10;7;3;0;-3;-3;-3;-19;-16;-5;-2;-2;0;-7;-1;-10;-11;9;0;-1;-8;4
-2;0;12;-1;-12;-5;-1;-3;0;0;8;-5;-5;-2;-3;4;0;0;-2;-2;10;-2;-2;-2;-4;-6;-22;9;3;0;-2;1;0;0;-5;-23;1;0;-3;-7;-1;1;18;6;-8;-3;-3;2;-1;0;0;0;10;2;0;-1;-1;-5;-2;3;-11;-5;-2;-3;4
-2;2;16;17;3;-1;-1;-5;0;0;-1;2;2;-2;-2;0;-1;-2;-15;-7;-7;0;0;2;-3;-1;-11;-9;4;-3;-4;-6;-12;-7;-14;2;6;-1;-3;-12;7;1;17;-3;-22;-2;0;12;1;-1;7;9;6;0;0;1;-3;-1;-14;-44;-24;-4;-1;-7;4
-3;-1;-20;-29;-24;-2;0;-5;-2;-5;-31;-21;5;-2;0;-5;2;-1;28;35;18;1;2;1;-3;0;5;-19;-24;-10;-4;-3;1;-2;3;-5;-9;0;0;7;-2;-2;-16;-8;-12;-4;-3;-5;0;5;25;5;3;-3;-2;1;1;-5;-7;0;12;3;2;-3;4
-1;-3;-4;1;11;4;0;-1;-3;-2;-12;1;14;0;0;-1;-6;-2;5;-3;-36;-4;-3;-11;9;3;8;-9;2;-3;-1;20;-1;0;7;24;0;-1;0;1;-1;-2;-2;-31;-8;-1;-2;-6;-4;-6;-16;6;19;-1;-2;1;-5;1;6;-7;-12;-2;-2;-8;4
1;3;6;-8;-7;-2;-1;-1;-3;-6;-2;2;-8;0;0;2;-3;-3;-8;-14;-5;0;2;-4;-3;-2;-4;32;26;4;-4;-11;2;-2;-13;-55;-40;-5;-1;2;0;-1;22;2;-13;-7;-5;-3;0;-2;-20;-6;7;-1;-1;6;-4;-5;10;7;-1;1;0;-6;4
-3;-5;-7;3;24;1;-2;2;-2;-1;-5;5;-7;0;0;-3;-1;0;24;-2;-12;-5;-3;1;-2;-1;-12;1;10;-1;-2;-4;-2;-2;-1;-10;-11;-1;-3;1;-1;1;-1;-3;8;1;-1;-4;-15;-4;-12;0;-2;1;-2;-11;7;4;13;20;5;-2;0;5;4
-14;-3;1;10;3;3;-2;-3;4;-5;5;19;16;4;0;-10;4;3;-8;-20;-7;-2;0;13;-3;-3;-14;-11;-10;-3;-2;-3;-2;-2;0;-4;6;-1;1;0;-6;-3;3;4;-4;-1;-2;-8;-2;-1;-5;-22;-2;1;-1;-1;-6;-5;-3;12;10;0;0;0;4
-3;-2;8;17;12;2;0;3;0;-1;-20;-13;7;-1;-3;-20;6;0;10;-2;-19;0;3;28;-1;0;18;26;24;1;-2;-5;-2;-3;-16;-23;-6;1;2;-1;-5;0;11;-2;-15;-3;-2;-3;-2;-3;-11;-4;5;0;0;-8;-2;1;-2;-4;-16;-6;-2;-3;4
0;1;0;-6;-8;-3;-1;0;-3;-3;-13;-15;6;-2;-1;3;-5;2;1;13;2;-1;-3;-12;-1;-2;-5;-1;-6;-2;-1;-2;2;0;3;16;19;2;-1;2;-3;-5;-18;-16;-11;-3;-1;-4;1;4;23;4;-3;-1;-1;0;1;-9;-11;0;1;0;1;2;4
1;-1;6;-1;4;-1;0;-1;-1;-3;-6;-2;-7;0;-1;-1;1;1;6;-3;-2;-2;-2;0;-2;-3;-2;5;-1;-1;-2;-5;2;0;-6;-2;8;0;-1;4;1;-3;-9;-4;6;1;0;-3;-15;-2;8;6;0;-2;-1;-10;8;2;-11;-3;-1;-3;-1;0;4
-4;0;1;-14;-6;-1;-1;0;-9;-7;-4;7;3;-2;-3;-17;10;2;-12;-20;3;-2;0;21;-4;-1;-3;11;-9;0;0;0;0;-2;0;6;13;2;-1;-5;-1;3;-19;-16;-25;-4;-2;-2;-3;-4;1;-16;2;0;-2;-7;-3;-2;-5;29;15;1;0;0;4
-3;-2;-15;-6;-1;-2;-1;-2;0;-3;4;18;13;2;0;0;-1;-3;-15;-16;-9;-2;-1;0;1;-1;12;13;-14;-1;0;1;-2;0;-1;8;11;0;-1;-1;-1;0;4;-2;2;-1;-4;-1;-3;-5;-1;3;-13;-1;-1;-3;-5;-2;-12;-11;0;-1;-2;-10;4
-1;-3;-6;11;4;-3;-2;-2;-2;2;23;-22;-15;-4;-2;1;-6;-2;-11;-8;10;1;-1;-12;-2;-5;-10;-16;-11;1;0;-2;-2;0;11;24;12;-1;-1;2;2;-1;-15;-2;-2;-2;-1;3;-5;-1;-10;-12;-12;-4;-2;-8;-2;-2;22;-6;2;-2;0;0;4
-2;0;18;13;14;-2;-1;1;-1;-5;-10;-10;0;-2;-2;2;-1;1;23;-2;-13;-5;-3;-7;0;2;-10;-21;-3;-1;-2;3;1;-1;7;9;5;4;0;-1;0;-4;-15;-11;-3;0;0;4;0;0;7;4;0;-1;0;-2;-4;-4;1;8;11;-3;-1;-4;4
-3;-2;-7;-16;-6;-3;-3;-18;8;0;5;14;-11;-8;0;29;-4;-2;-14;6;11;1;-1;-6;-1;-3;0;-11;-15;-6;-3;-5;-2;-1;26;13;-4;0;-1;3;-9;-2;-20;-31;0;-3;-2;-9;-3;-2;-5;-9;-3;-2;0;-6;-3;0;3;8;-3;-1;-2;1;4
0;-3;-4;-10;-8;-3;-2;-5;-1;-3;-1;-4;-7;1;0;2;5;2;6;2;14;2;1;2;-2;-2;-21;-17;-4;-5;-2;-4;1;-1;14;13;4;1;-3;0;0;0;5;-7;-3;-2;-2;1;-2;-3;-5;-5;-8;1;-1;-1;-3;-7;-8;22;12;3;0;-3;4
1;0;-10;-18;-21;-3;0;8;1;0;2;4;5;0;1;-5;2;1;1;-15;-13;-3;-2;-3;-8;-1;0;22;11;3;1;0;-1;0;-6;-2;-5;0;0;-7;-8;-6;-12;-15;-2;-2;-2;-5;4;-3;-29;-13;-5;-2;-1;-9;-1;2;29;16;-2;-2;0;9;4
-2;-4;-19;-11;-6;-1;-2;-21;7;-2;2;-9;-4;-2;-1;29;1;2;42;21;-1;-2;-2;1;-3;-5;-15;-21;7;3;-1;-3;-4;-1;-1;26;7;-5;-2;-2;-2;0;14;-7;-5;0;-1;-9;1;-2;-18;-14;-2;1;-1;2;-2;2;8;5;2;-2;-2;-6;4
0;-2;-16;9;21;5;1;-2;-2;1;11;-19;-39;-8;-3;2;1;0;-6;-4;1;0;-1;-2;-2;-2;-8;-2;9;-1;-2;-1;-1;1;16;9;-1;-1;0;0;-1;-5;-26;-8;1;-2;-3;-1;-3;-2;15;12;8;3;0;0;-3;-3;-23;-23;-4;-3;-3;-5;4
-1;0;13;-1;4;0;2;2;-2;-2;-21;8;-2;0;1;-4;-1;3;21;-9;-16;-5;-2;3;0;-7;-32;-14;6;-2;-2;-3;-3;4;37;5;-10;-3;-2;-3;-4;-1;2;7;14;1;-1;-14;8;-6;-22;10;14;0;2;28;0;4;29;10;-17;-7;-4;-4;4
8;4;1;-12;-12;-2;-1;14;0;0;-12;2;-1;1;-2;2;-2;-2;7;-8;-13;-3;-2;-2;-3;0;-12;-10;-10;-2;-2;-1;-5;-7;-11;31;26;3;1;-9;1;0;5;-12;-16;-1;1;2;-1;1;8;-11;-7;-3;-2;-5;-2;-6;-4;15;3;0;-2;0;4
-5;-1;-3;-21;-7;0;0;4;1;-1;4;24;11;2;-1;-4;-1;-1;3;-14;-6;-3;-2;-3;-3;-1;-21;0;19;2;-1;-2;2;0;7;-22;-29;-7;-1;-13;6;-2;-8;6;-2;0;2;25;-3;-1;9;3;0;-2;-3;-7;2;-3;-5;8;7;3;-1;-1;4
0;-2;-4;21;25;2;-1;0;-6;1;28;-7;-35;-6;-2;-8;-2;-5;-32;-5;12;0;0;-2;-3;-2;17;11;-8;-2;0;-3;0;-3;-9;-10;1;0;-1;-3;-2;-2;-3;7;0;-3;1;1;-2;0;6;8;1;-3;-3;-2;-5;-1;-7;-8;-3;-3;-3;-5;4
-5;-4;-1;-9;0;-2;0;-2;0;-1;11;13;8;2;0;-2;0;0;-5;-13;1;-2;0;1;-1;0;5;14;9;0;-1;-2;-1;2;8;-9;-28;-6;-2;-4;0;-7;-26;-9;11;4;0;1;-1;-1;4;-23;0;-2;-2;-1;-2;1;33;31;5;0;-3;-3;4
-1;2;3;6;-3;-1;-2;-4;0;-4;-12;-3;11;0;-1;2;-1;0;2;5;-18;-2;-2;-3;0;-2;19;4;4;-2;-1;3;0;-2;-14;-22;1;1;-2;-4;-1;0;7;7;2;-1;-1;-1;-3;-3;-5;11;6;1;1;-1;0;-5;-8;-23;-10;-3;-1;0;4
-36;-6;27;-22;-9;-8;-4;-1;10;4;-3;2;-3;0;-2;-6;-28;-8;-36;-3;1;-3;-4;-4;-16;-1;37;-3;-1;-2;0;-5;13;-4;-16;11;5;1;-1;0;2;3;7;-9;-5;-4;-1;-27;1;-5;-9;-14;-5;-2;-1;36;11;5;4;0;-1;2;7;-3;4
14;3;10;-13;-7;1;11;12;-10;-1;-1;16;5;-2;-6;-8;-3;-5;-25;-6;-1;-3;-2;2;16;2;61;17;-1;-2;-4;-7;-11;-3;-6;-20;-8;-3;-2;-8;25;3;-1;-15;-4;-1;-5;8;-30;-11;0;2;-4;0;0;7;-26;-3;-7;12;7;2;-2;-43;4
-6;-1;-7;9;-1;0;-6;-19;32;2;-9;-3;3;-2;-1;8;-22;-8;5;10;-4;-5;-1;-3;30;6;2;14;5;2;2;4;-30;-5;-10;-29;-8;-4;-3;-11;8;0;-12;2;-3;-2;0;7;-1;-1;-6;12;9;2;0;-7;-4;1;-34;-17;-7;-3;-5;6;4
-10;-3;37;10;-6;-3;-1;48;6;0;-16;-1;3;1;-1;-6;2;-6;-6;-2;1;0;1;0;6;0;21;-7;0;-2;-1;1;7;-5;0;4;-6;-1;-2;-18;-33;-5;-23;-4;0;-1;-3;-10;-3;0;17;25;6;2;0;2;2;1;5;-19;-8;-3;2;20;4
-4;1;2;4;4;-1;-4;28;4;-2;-27;9;1;1;2;-11;4;3;11;-1;-4;-1;1;0;2;-3;-10;-14;-5;-2;-4;8;7;-1;1;3;-3;-2;-3;-15;-3;-2;-2;4;1;0;2;-7;2;-2;-12;-3;0;2;1;8;-3;-1;33;-1;-4;-3;-6;-2;4
9;12;-80;-3;6;3;-11;-10;6;2;55;7;-5;0;10;6;-13;-4;-16;-13;-2;-3;-1;4;9;1;2;12;3;-1;-1;-16;-41;-13;-16;-4;2;1;-3;-47;23;1;-2;-1;1;-2;-3;67;-32;-3;-18;-4;-3;0;1;-10;13;2;5;10;0;-1;-2;3;4
0;-1;25;12;4;1;2;13;14;-4;-40;-7;-1;-3;-3;-22;-17;-7;23;5;-1;1;-3;-26;3;-1;8;-27;-10;-7;-7;6;3;-2;-13;0;-4;-1;0;24;3;1;-4;-7;0;-1;2;-13;-2;-2;-7;4;0;-2;-1;4;14;2;-11;4;1;0;-1;-4;4
7;-5;-28;7;11;2;-1;-1;-11;-4;27;-12;-22;-7;-1;-12;-5;-2;-7;1;0;-1;-4;7;-7;-2;8;8;4;-1;1;-1;29;1;-8;-3;-2;-2;-1;-30;-28;-3;-5;5;2;-1;-10;8;-21;-6;-25;-11;0;2;6;28;23;2;0;-2;-4;-2;0;-8;4
-4;-1;10;-10;-7;-2;-2;4;-6;-2;-12;7;3;-1;1;5;19;4;-19;-6;-1;-3;-3;-22;-43;-9;9;7;-1;-1;-3;2;-5;-4;-30;-4;0;-1;1;6;0;3;32;-3;-2;-3;-1;4;5;-2;0;-2;2;1;0;-8;28;3;-1;-6;-5;-3;-4;2;4
-1;0;14;-5;-3;-2;-3;3;-6;-3;-3;5;5;2;0;1;8;-1;-5;0;-2;-3;-1;-14;1;-1;7;8;-2;-2;-5;3;4;-1;1;-15;-2;-3;-1;2;-4;0;15;11;4;1;-1;3;6;-5;-18;-10;-4;-4;-4;-11;-6;-1;9;-1;-3;0;3;7;4
16;-1;6;-14;0;-1;2;0;-28;-4;-13;12;1;-3;-5;-10;11;4;20;-2;-3;1;0;7;13;1;-6;0;2;-3;-4;-17;22;0;-31;-8;-2;0;5;-2;-58;-10;38;8;-1;-1;-3;6;1;-3;-11;4;1;-2;-3;-4;-6;-1;8;-8;-3;-2;-1;-7;4
-64;-7;-14;-9;-5;-2;-3;-24;12;-2;22;-4;-1;-2;1;24;3;-2;-6;2;-3;-4;0;4;-10;-4;0;-5;-4;0;-5;-33;22;0;-11;1;1;-1;6;33;0;1;27;12;0;-2;-3;-9;-6;0;-4;6;-5;-2;-5;-39;11;0;-1;-26;-10;-5;2;46;4
18;3;14;9;-1;-1;-1;-12;-15;-3;-6;6;2;0;-1;14;20;3;-15;-5;-5;-1;1;12;6;3;-4;5;-1;-1;0;-4;-11;-4;-7;2;3;0;-2;-2;0;-1;4;-3;-3;-2;-2;-17;28;3;3;-1;-2;-3;-5;7;-67;-9;-4;13;6;1;6;-1;4
1;-1;10;-1;-1;0;0;-5;-12;-5;-3;-6;-3;-1;-2;-2;17;1;10;6;0;-2;-2;0;14;2;-2;-5;-1;-1;-1;-8;-30;-8;-9;-7;-3;-2;-3;-1;3;-1;7;-3;-3;-4;-3;-3;-1;1;0;1;1;1;0;-1;6;0;4;2;-2;0;-1;-5;4
-1;2;-6;2;-1;0;1;1;-12;-2;15;11;3;-1;-4;-8;7;1;-15;-19;-5;-2;4;-19;6;0;11;2;0;-2;-2;33;-6;-2;-5;1;-1;-1;0;-9;13;8;2;-3;-3;-3;-7;-4;-4;-6;-4;8;2;0;1;-4;2;-3;-8;-9;-2;-2;0;-1;4
9;3;6;9;-5;1;0;5;8;0;-32;-25;-7;-3;0;4;-9;2;33;17;0;0;-3;-14;3;-4;-28;-13;-1;-3;0;2;-20;-7;29;12;3;0;-2;4;1;0;-10;-12;-6;-4;-5;-9;-4;0;-22;-5;0;-1;0;-5;16;-4;6;7;0;-1;0;10;4
-4;-3;-9;-1;3;0;-1;-2;-8;1;2;0;-5;-1;-2;-2;11;-3;-7;15;5;1;1;-7;-2;3;1;-22;-5;-1;-2;6;-2;-1;-5;-5;-3;-2;-2;-10;-3;0;-1;2;-4;-4;-4;-19;-6;1;-14;6;3;1;4;36;-5;-4;-6;-2;-4;-1;-1;1;4
0;-3;7;1;-2;-2;2;44;4;-2;-8;-2;-3;1;-3;0;-18;-3;13;-1;1;-2;1;-14;25;2;-10;10;3;0;-2;5;-25;-3;-26;-11;-6;1;0;-12;26;-1;-6;-7;1;-3;-3;5;-25;0;7;-9;-7;-3;-4;-3;-11;-2;-2;4;1;0;-1;1;4
19;-2;-31;-15;-5;-1;1;-10;-18;-1;28;9;-3;-6;-4;-3;8;-1;-9;-7;-3;-2;-1;-6;17;1;-13;8;3;1;1;4;-22;-9;16;2;1;-1;-1;-9;23;13;-5;-6;-5;-4;-3;10;-8;-1;0;-1;4;-1;1;7;2;5;14;12;-1;-3;-1;0;4
27;4;-10;-8;-7;-5;-3;6;-41;-7;-8;2;0;-1;-1;-38;5;-1;8;-1;-3;-4;0;42;6;-4;7;-2;3;0;3;-2;5;4;-7;3;-5;0;-3;-9;-12;-3;4;12;7;-1;-2;2;22;7;-12;-13;-6;-3;-3;-12;-2;-4;7;-7;-4;-1;3;-3;4
-3;-6;-8;-8;0;-1;3;1;21;4;6;0;-4;-2;-2;7;12;-1;-10;12;3;1;0;-6;-34;-8;11;-12;0;-2;-7;-32;-1;-1;-1;-13;-7;-4;1;36;-4;-2;-3;3;0;0;-2;-5;-1;-3;-25;-6;-1;-1;1;0;-1;3;23;6;-3;-1;-5;-4;4
-12;-3;34;0;-8;-2;-2;4;4;-1;-14;5;2;-1;-2;-2;7;0;2;-14;-3;0;-1;-4;-6;-9;-19;-1;3;1;0;-2;-5;-1;40;18;-1;-2;-1;-1;20;-7;-47;-22;-2;-3;0;1;-16;-1;-1;5;8;2;-3;-3;-7;1;13;-3;-8;-3;-2;0;4
-11;-3;1;-2;-7;-2;-7;-8;18;4;-6;-7;-1;0;-2;2;18;3;14;0;-1;-2;0;-7;-2;-5;-25;6;4;0;-2;7;1;-1;0;-15;-4;-2;0;-1;-8;-3;-7;4;3;-1;-2;-6;2;3;21;12;0;-1;2;2;7;4;-4;-12;-4;0;-2;1;4
0;3;-8;-1;3;1;-1;2;-17;0;-14;-28;-6;-4;2;-9;21;-4;14;16;1;-2;-3;6;-7;-2;-2;4;6;2;-1;-27;22;-6;-15;-13;-4;-2;-2;34;-31;2;3;22;2;0;-1;-8;6;2;3;-13;-2;-3;-3;-1;-6;-6;2;-14;-10;-1;3;3;4
-8;-1;9;-3;-3;-1;0;-4;9;0;-27;12;6;1;-1;1;-2;-2;21;6;-4;-2;-4;-1;-4;-3;-5;-14;-1;-1;2;-3;-6;-2;20;-7;-7;-3;1;1;1;-2;-21;0;2;0;1;4;-3;2;5;-8;-3;-2;-2;-7;5;-2;-4;6;-1;-3;-5;-2;4
-7;2;-17;-7;-7;-3;-2;-1;0;-5;0;-2;0;3;1;-6;0;4;22;0;-2;-3;-2;-5;4;-4;-13;7;4;-1;2;2;-1;1;0;1;0;0;-4;0;0;-3;-1;-7;-4;1;2;7;-7;0;-9;19;3;-1;0;-2;7;-5;-16;-39;-13;-5;-4;7;4
0;-2;-10;9;2;-2;-1;-24;-13;-5;-25;-9;-3;-2;-5;27;-4;1;49;16;2;1;3;-5;-12;-6;-49;-13;0;-3;0;-4;-5;-2;11;-5;-6;-2;0;3;12;-5;1;1;-2;-3;-7;-16;29;3;29;2;-2;-1;-2;1;-46;-7;4;-2;2;-1;0;5;4
19;-1;-13;16;4;0;-2;-4;-18;2;27;-25;-3;-2;1;-3;4;2;6;5;-4;-1;-2;-1;-1;1;9;-1;2;0;-2;1;-7;-3;-18;-9;-4;-2;-5;-2;26;3;-5;14;0;1;2;1;-16;-4;7;-10;1;-2;-5;-6;11;-4;-2;4;-1;-2;0;7;4
-13;-1;6;-16;-3;-2;-2;0;26;2;7;6;-3;-3;-5;-4;-16;-6;-5;10;2;-1;1;-33;7;2;-1;1;-3;-2;-2;44;-19;-2;-1;1;2;0;-3;-16;3;2;4;-2;-1;-1;0;1;-1;2;-10;-3;-1;-3;-4;0;5;-3;18;-8;-5;-1;0;-14;4
-9;0;4;-9;-4;-2;-3;2;4;-4;-17;-3;0;-2;-1;-6;2;4;-23;-20;-4;-1;-3;-2;-11;-1;15;1;0;-1;-2;-4;19;-2;-28;5;1;0;-1;-6;-9;0;19;11;0;-2;-3;6;4;0;-18;-29;-13;-3;2;0;24;1;65;5;-2;0;-1;0;4
3;2;24;-3;0;0;-1;4;-3;-1;-10;0;-3;-1;2;-10;36;5;22;0;1;-1;-3;4;-21;-10;-44;1;4;1;1;-3;-20;-4;9;17;4;0;-1;9;-6;0;8;-4;0;1;-6;-37;13;0;-9;23;10;2;2;37;4;3;-10;-34;-20;-6;-2;-10;4
12;4;8;0;-6;-4;-2;-5;6;2;4;1;0;0;0;-4;-7;-1;-23;0;1;-2;1;10;-2;-1;25;-6;-1;-2;-4;-4;13;2;-19;0;-9;-4;-3;-16;-5;1;24;12;3;-2;-4;8;10;1;9;-3;-4;0;3;-7;-9;-5;-2;0;2;-2;-1;7;4
12;0;-2;-3;0;-1;-3;1;-11;-1;-26;-3;-2;0;2;6;8;-3;-13;6;2;0;-2;-8;-3;-7;31;9;-2;0;2;-12;2;5;-7;2;0;-1;1;19;30;-5;17;0;1;-2;1;6;-29;-9;12;-2;-3;-2;0;-4;7;-1;-35;-14;-5;-4;-5;-11;4
3;-5;-13;6;2;1;-1;-5;-12;-3;6;-4;-5;-2;-3;3;13;3;-7;-27;-3;-2;-2;-12;-6;-3;-5;-1;-1;2;1;23;-14;0;4;11;1;-2;-6;-8;-5;-3;-21;-20;-7;-2;1;9;6;3;7;16;4;1;-5;-9;13;3;-11;-10;2;-1;1;-6;4
-4;1;14;-4;-6;-2;-3;-2;-2;-5;-8;18;11;1;-1;-13;11;1;-6;-9;-8;-2;0;4;0;0;1;-15;-1;-2;-1;-3;18;2;-5;2;-3;1;-2;6;-9;0;-5;2;2;-1;-2;-4;3;-1;1;6;3;0;0;4;-16;-3;5;-1;-5;-4;-2;-9;4
5;-2;7;-23;-7;-2;-1;3;-35;-7;-5;20;9;1;0;-3;-1;0;23;-7;-4;-2;-2;-5;5;8;-9;-3;1;0;-1;4;3;7;20;10;-2;-2;-2;-5;3;-1;-1;-4;-4;-2;-3;4;-14;-6;-17;5;6;1;1;-3;1;-1;21;-5;-12;-2;-2;-5;4
21;2;25;-17;-3;0;1;0;-12;-4;-7;10;1;-2;1;2;22;2;-13;-9;-6;-1;-3;-5;-55;-7;19;-3;0;-1;-1;-3;15;-5;2;4;-2;-2;0;8;9;0;-4;-6;1;1;-2;-3;2;1;-7;10;-2;-2;-3;2;11;0;-1;2;2;-1;-3;-7;4
-10;-3;1;6;-2;-1;-1;-3;18;3;-25;-8;0;-1;-1;-2;-7;-3;9;4;-1;0;-1;-1;18;1;4;5;-1;-2;3;2;-16;-1;-16;-7;1;-3;-4;-1;8;1;16;6;-1;0;1;-3;-7;-3;-5;-9;-4;-3;0;1;10;-1;-5;9;1;0;1;3;4
-1;-4;-5;8;1;-2;1;45;-16;-3;2;-4;-11;-3;-3;-10;5;-3;-22;-2;3;0;-1;-8;6;0;-5;6;-2;-2;-1;3;-18;-3;10;3;-1;-3;-2;-9;8;0;-6;19;5;0;2;-6;-6;-2;-5;-18;-2;0;1;5;5;-2;4;-14;-6;-1;-1;-1;4
-21;-4;-18;-6;-3;-2;-3;3;11;0;22;-2;-1;-2;-2;-8;-9;-4;-19;0;3;3;2;3;23;-5;8;-8;-3;-3;-3;-1;-30;-6;7;6;1;2;0;-5;14;-1;-15;-4;-2;-2;-5;-34;-24;-5;36;-21;-12;-5;1;42;-13;1;-13;12;3;-1;-1;-9;4
25;4;-7;-16;-2;-3;0;2;-15;1;-6;5;-3;-3;0;2;-3;-2;-39;12;0;0;-1;-6;19;5;28;-9;-2;2;-3;3;-20;-6;1;0;-2;-2;-2;4;8;-7;-36;-26;-4;-2;-2;-17;-9;1;0;2;1;-2;0;20;4;1;-29;6;0;-1;0;-16;4
-25;-5;-2;-1;-1;2;-1;-7;4;-1;-9;1;1;0;-1;0;15;6;13;1;-1;0;-4;6;-12;-6;-4;13;5;1;1;4;4;-1;-20;-20;-6;-2;-1;0;-10;-2;15;8;-3;-3;-1;8;10;0;6;-9;-8;-2;-4;-15;-7;-5;15;8;1;-1;-1;-6;4
8;-5;14;6;1;1;3;-6;-1;-1;-25;-8;3;-1;-1;7;-1;-3;-22;4;4;1;-4;-11;-5;2;16;-2;-4;0;4;10;6;-5;11;-1;-6;-2;-4;-2;-59;0;-25;2;3;3;1;-12;3;2;24;14;1;1;-1;2;7;-1;-22;-23;-6;-3;-3;-11;4
-5;0;39;11;3;-1;-4;-3;2;-2;2;-15;-5;-1;-2;-3;10;4;5;-10;-4;-1;-3;0;-1;-1;11;3;0;-3;-3;8;18;-5;-28;-7;2;0;1;5;-48;-9;-7;-1;-2;-1;3;-5;12;4;13;4;2;-1;-3;5;-10;-3;5;9;-1;1;1;-8;4
5;1;5;-10;-3;-2;-2;-11;8;2;3;-3;-4;-2;-2;-9;-3;3;-15;3;-1;0;0;2;14;-4;-10;9;2;0;0;-2;-2;-4;25;0;-3;-6;-3;4;0;3;6;3;0;1;0;-9;4;3;-4;-21;-5;-4;-1;8;1;0;-18;-3;-2;0;-3;-10;4
4;3;-3;-17;-3;-1;-1;-9;-27;-5;-9;-3;0;-2;-3;8;-4;-2;21;22;1;-1;-3;-7;0;-4;-2;-7;-4;-2;0;6;-24;0;-11;-7;-3;-1;-3;-5;25;4;0;0;1;-2;-3;0;-9;-7;-6;4;3;-2;-3;-21;9;1;8;21;2;1;4;32;4
-11;-6;-11;-4;-1;-2;1;-3;10;-4;-20;-9;-2;-3;-2;-8;-29;-1;6;12;1;1;3;1;-8;-4;8;5;-2;-3;-3;-19;-15;1;-21;-10;-5;-4;2;5;8;1;21;0;0;1;-1;7;26;4;2;0;3;-2;-3;-2;-7;0;17;1;0;0;-1;-3;4
11;-3;-21;2;2;-1;-3;0;16;3;-23;0;0;-1;-4;0;-14;-5;33;-15;-5;-2;-3;-16;-3;0;-21;-7;-1;-2;0;-1;23;2;19;13;-1;-1;-4;6;-11;-4;30;3;-2;-2;3;-2;7;-2;-47;-2;6;4;2;-1;-21;0;-11;-6;-5;-3;-2;2;4
22;2;-12;-7;-1;2;3;15;-24;2;0;10;3;0;0;-3;-10;-3;-13;-15;-2;-1;-2;1;-8;-3;-34;-9;-3;-2;2;-10;-22;1;62;12;0;-1;-3;-7;25;-5;-15;0;-3;-2;0;8;-3;-1;-13;-9;-1;1;0;-10;-2;1;3;7;1;1;-2;6;4
-11;0;37;6;1;-3;-4;-7;-9;-4;13;-2;-3;-2;-2;4;14;4;-10;-8;0;-1;-1;-10;8;-2;0;4;-6;-3;-4;-3;-15;-3;-2;12;3;0;3;6;-3;-7;-10;4;-2;-1;0;-3;3;1;4;-14;-5;-1;-2;-6;-13;-4;-12;-5;3;0;2;1;4
15;0;-14;-2;-4;0;-2;1;3;1;-9;-11;1;-1;-2;-2;-17;-2;-7;8;3;1;-1;2;-5;-3;-16;1;6;0;1;-6;2;4;25;-8;-13;-2;-3;1;7;-1;8;-4;1;0;2;3;-15;-1;-5;23;7;0;-2;-8;11;-3;-5;-31;-10;-3;-1;-9;4
-6;-3;-8;4;-1;0;3;0;2;1;6;0;-4;-1;0;0;7;0;-8;-12;-5;-1;-4;-6;6;0;4;-6;-4;-4;1;3;-14;-1;10;3;0;1;0;2;2;0;-9;-1;0;-3;-3;-4;4;0;-22;0;3;1;-2;-19;-4;-7;-15;7;-2;-4;-2;26;4
-7;-3;-26;-11;-3;-2;-6;-3;-4;5;24;-1;2;1;2;-1;5;-2;-5;7;-2;-4;-5;-33;-13;-4;18;-7;-2;0;-2;42;3;8;22;6;-2;-3;1;-11;10;-1;-33;21;6;2;-3;-5;-21;-2;40;-39;-17;-4;-2;6;2;0;7;7;2;-1;1;-18;4
-11;-2;-9;-22;-11;-5;-2;-10;-1;6;-2;-9;0;1;2;7;-5;-3;-1;25;3;-1;-1;-4;1;3;4;-8;0;-2;-1;-11;6;-2;-6;4;2;-2;-2;3;5;-1;7;0;-8;-3;-3;-11;-36;-9;-30;-10;-5;-2;-1;4;5;1;23;10;3;0;-6;-5;4
-15;-1;39;-16;-10;-2;-1;1;2;-4;0;11;2;0;0;-2;5;3;-25;-10;-4;-1;-1;-10;0;-4;-25;-7;-6;-1;2;20;-2;4;7;4;-5;-2;-3;-3;-17;-4;18;3;0;-2;-3;7;4;-2;-15;-6;1;-2;1;-14;2;-1;-9;2;-2;2;-2;-6;4
16;3;30;8;-2;-3;-4;-10;-14;-4;-19;-16;-1;-3;-5;-1;16;0;14;9;-1;0;-1;5;-7;0;-2;-20;-5;-3;0;-10;5;-5;-29;0;0;0;0;4;-5;-2;0;-4;-4;-4;-3;-1;11;0;5;-8;-7;-3;-1;1;-13;0;9;7;4;0;-1;-18;4
10;-1;-19;-6;-1;-1;-3;1;-9;-6;7;-1;-2;-2;0;-5;15;3;11;9;0;0;0;0;-12;-1;-26;-24;-3;-1;-4;-36;43;0;10;12;-2;-1;0;40;-18;-5;2;9;3;-1;1;-7;-82;-8;1;-17;-3;-4;-6;-5;-12;-10;-21;0;0;-1;5;3;4
10;1;-11;6;7;0;-4;13;35;5;28;4;-5;-3;0;0;-21;-6;-15;-5;-1;0;-5;-3;11;0;-4;3;0;0;-1;8;-16;-5;-23;-3;-1;-2;-2;-21;16;2;-6;-18;-3;-1;-2;0;12;4;3;25;3;-1;-2;5;-5;0;-21;-22;-5;-2;3;-3;4
-4;-1;12;16;-3;-1;-3;-4;9;-1;-9;-5;-1;1;-3;6;1;-1;3;-2;-1;-1;-1;-7;8;-7;-12;-9;0;0;1;2;-17;2;-26;-3;2;-1;-5;-3;14;1;39;11;-5;1;5;-3;-2;-3;-3;1;3;0;-3;3;-9;-2;19;2;-1;0;-2;-6;4
-2;-1;17;-23;-7;-3;-4;1;-10;-8;-17;-16;-2;-1;-2;-5;9;4;1;20;6;2;-2;4;1;3;13;-11;-6;-4;-2;-8;-4;-6;-8;8;0;0;-1;-14;10;-1;6;-4;-3;-1;4;26;-13;-1;-7;-1;-2;-1;0;-2;15;-4;13;-3;2;0;-2;5;4
-1;-3;-26;-10;-4;-1;2;31;1;0;22;8;2;0;-1;-11;14;-3;-4;-22;-3;-3;-1;6;15;2;1;10;2;0;-4;-4;-33;-4;-15;-1;-1;0;-2;-8;-29;-9;1;-1;-1;0;-2;-4;3;-1;-1;7;3;0;0;-5;11;2;-15;-13;-3;-2;-3;9;4
26;1;-27;-3;1;-1;-4;-6;-52;-10;25;-1;-5;-1;-1;4;-1;3;-2;-10;-4;-1;-1;-3;-15;-4;-8;2;0;-2;0;-1;11;1;9;-1;-3;0;0;-4;22;-2;-2;-1;-2;0;-1;8;-35;-3;7;4;2;1;-3;-3;8;2;-1;-9;-4;-3;-4;-11;4
-2;-3;19;-10;-8;-1;1;0;4;-1;13;3;1;-3;-3;0;-5;-5;-4;13;0;-2;-3;-24;17;8;13;-22;-6;0;2;28;-13;-5;-24;4;4;-1;-2;-4;-58;-9;0;-3;-4;0;0;-1;23;2;-12;-5;-5;-2;-3;-5;8;0;36;10;4;-1;0;-3;4
9;6;8;-3;0;-1;-4;-12;15;4;10;6;-1;-1;0;1;-36;-3;-5;-7;-2;-1;-1;0;10;-3;-13;-3;-2;0;0;5;12;2;-11;-7;0;0;1;-4;-13;-2;-4;-4;-2;-1;-4;2;23;-1;7;-4;-3;0;-1;-7;-12;-3;-13;5;1;-2;-2;4;4
5;3;-20;15;2;-1;-3;33;12;-8;17;-28;-6;-3;3;-3;-4;5;3;2;-4;-4;-8;0;-17;-3;-6;-8;1;-1;5;-1;-7;0;12;3;-2;-2;-1;-12;2;-4;-27;19;4;1;-1;-2;-8;-2;9;2;0;-1;3;-2;4;-2;-3;-14;-5;-1;-3;9;4
-29;-6;-6;8;4;1;-4;-11;1;-1;8;7;-2;0;5;-4;1;-5;-10;-24;-3;-1;-3;4;34;6;-2;-1;1;-2;-2;-7;-50;-6;-27;12;0;-2;-1;0;3;3;28;-6;-8;-2;2;0;-6;-4;-4;-5;-1;0;-1;-8;-1;-10;-10;24;6;1;2;4;4
-24;-8;-9;-25;-4;0;4;-3;31;4;-8;-7;-2;-1;-4;0;-50;-8;-3;14;2;-2;-4;-6;2;1;7;-2;-4;-1;2;1;6;1;-6;-1;1;-1;2;-6;22;-1;-18;3;-2;-1;-10;-1;7;-6;17;-2;0;1;7;22;-19;2;-15;3;-1;-1;-5;-11;4
11;-5;-13;8;4;2;-4;-32;-12;-4;8;13;2;-1;1;44;16;5;7;0;-5;-1;-1;-12;-8;-3;14;0;-1;-2;-3;0;-8;-1;-7;6;3;-1;-3;-4;0;-3;13;-1;1;-3;-2;-8;9;10;-30;-9;-2;0;-1;1;-30;-5;5;-3;0;-3;-4;-1;4
-8;-3;11;-3;-4;-3;-4;5;13;2;-16;3;0;0;-2;-3;-30;-11;4;3;-4;0;-1;-3;9;6;-18;7;7;1;-1;-2;-8;-3;16;-8;-3;-3;-5;-2;2;-3;-2;1;2;0;0;6;11;-2;-4;-11;-7;-3;0;13;6;-3;1;0;2;1;0;-2;4
-34;-5;13;16;1;1;1;11;-6;-3;-39;-30;-4;-1;2;0;-2;1;10;8;-2;-1;-4;-4;8;-3;1;17;4;1;-2;-10;22;1;-12;-3;0;1;1;8;-12;-4;-3;-12;-11;-6;-3;1;3;-1;7;0;1;0;-4;-8;1;-5;-25;-9;0;-1;4;0;4
11;-2;-15;-14;-2;-4;-4;-5;-10;-1;43;7;-4;-1;-1;2;0;0;-8;2;3;-1;-2;-10;33;3;1;4;1;-1;-1;10;-53;-9;2;6;-1;1;1;-1;-2;-3;-13;-23;-8;-3;-6;-42;-4;-6;5;7;2;1;2;43;-5;0;5;-8;-4;-4;-3;-7;4
-12;-4;-9;-4;2;-1;0;-5;17;-1;-20;0;-1;0;2;20;19;-2;-24;9;0;0;-1;-8;-43;-6;43;8;1;-2;-1;5;-18;-3;8;7;0;-1;-3;-17;25;4;-12;-7;-8;-4;-1;2;7;-3;-20;-12;-6;-4;-3;-2;0;2;-3;3;2;0;3;-4;4
-10;2;13;-20;-11;0;1;6;0;-2;-18;9;5;-1;-4;-6;-5;0;12;-24;-14;-6;-2;-6;18;0;-29;3;5;0;-2;13;8;3;67;6;-4;-2;-2;-8;-4;-2;-12;4;3;2;1;5;-17;-2;2;-6;-2;-1;-6;-10;17;-2;-10;-1;3;-2;-3;-4;4
18;-2;-12;-3;-4;-1;-1;-5;-4;-2;-33;-14;-2;-2;-2;4;-13;2;11;9;2;-1;-3;-8;-6;1;-11;14;3;0;0;9;9;0;-28;-15;0;0;1;-4;-17;-3;35;-14;-6;-4;-4;-27;-1;-3;-15;7;2;0;0;34;-6;4;15;13;1;-2;1;3;4
19;0;-2;5;3;-1;-3;-5;-13;-3;-7;-14;-2;1;1;-4;19;2;4;16;-2;-4;0;14;-21;-1;10;-13;-2;-1;-1;-1;11;2;5;1;2;-1;-4;-2;1;-1;-12;0;0;-2;2;-11;-2;-1;-21;-7;0;0;-2;-6;11;-2;-4;7;4;2;-1;10;4
32;1;-4;-9;-3;-4;-1;-6;-53;-7;-15;-3;-1;-2;-4;-5;-2;2;5;-3;0;0;-1;3;25;-2;4;3;0;-1;5;-4;-37;-8;-3;3;2;0;-5;-2;26;0;-14;15;0;0;3;9;3;-4;16;-18;-5;-3;0;-1;-8;-6;-25;-13;-4;2;-4;-13;4
17;2;20;-14;-8;-2;-1;-3;-4;2;2;16;0;0;-2;-2;-11;-5;-7;-13;-3;0;-4;-35;-14;0;5;0;1;-2;1;39;31;-1;-5;-1;-7;-1;-1;-4;-24;-5;-23;-11;0;-2;-4;-9;3;9;-13;9;0;-2;-3;3;-7;2;22;0;1;1;2;-8;4
-12;-6;8;-7;-6;-2;6;-1;-3;4;-19;0;1;0;-1;-19;-1;0;13;-2;-5;-2;-3;35;26;-3;-25;-14;2;2;1;-9;5;-6;27;3;-5;-2;0;0;-33;-7;-17;-2;1;0;-1;2;-9;-1;14;-15;-3;-2;-3;-15;3;4;-3;10;6;-1;-2;-3;4
-6;-2;-13;9;-1;0;-2;-13;-9;-4;-22;-6;2;-2;-4;1;15;-2;-9;7;3;-2;-2;1;9;12;14;-17;-10;-4;-2;-7;-15;-6;1;7;1;-1;-5;-1;18;1;0;4;1;0;4;1;19;3;10;-21;-10;-4;-6;-6;-9;-3;-11;5;1;-2;2;5;4
-37;-8;-5;-3;1;-1;0;37;2;-1;0;0;-1;-1;0;-10;1;11;12;3;6;2;1;-2;6;1;10;3;-1;-1;-4;8;0;-4;-9;-5;-4;-2;1;-16;17;3;-4;-2;-2;-1;-1;-2;-32;-13;-12;13;9;-1;-3;4;0;2;-9;-12;-6;-2;-2;9;4
-2;-2;9;14;4;-1;2;-3;-1;2;13;-5;-1;-1;-6;3;12;-2;-1;4;-8;-3;0;1;0;-1;-2;2;3;0;-1;-4;7;1;4;-5;-2;-1;-1;1;-10;-1;0;17;6;0;0;-7;9;0;13;-14;-5;-2;-1;7;15;-3;-14;4;0;0;-4;-2;4
18;-2;-20;-15;-4;-4;-1;1;-4;-3;-12;5;1;-2;-2;-7;-7;-3;-3;-6;-3;-1;-1;5;4;-5;-2;-4;1;0;0;-7;5;0;-3;-9;-2;0;-1;1;6;-5;8;3;-3;-2;-1;-6;14;9;-2;13;-1;-1;1;21;-12;-1;5;14;2;1;1;-7;4
2;2;7;9;0;1;0;2;6;3;-22;2;0;-1;-1;2;-10;-10;3;-3;3;-3;-1;-26;18;-2;-14;-11;-2;-2;-2;31;-17;-1;24;19;1;-1;-2;-6;14;7;-1;-4;-4;-2;-1;-3;-21;-10;-21;-9;-6;0;-3;1;14;4;11;-4;3;-4;-1;-17;4
-4;-1;0;11;1;-1;-1;-10;-22;-6;6;-2;-1;-2;-7;-7;14;5;-8;6;-1;1;6;2;20;-2;6;5;1;-1;-2;6;-5;-2;-14;-1;0;0;-4;-6;-3;-3;5;1;1;0;0;2;0;-4;-16;2;0;-2;-3;-8;0;2;6;-4;0;-1;-1;9;4
-19;-7;-16;-9;2;-3;1;-1;-10;-6;11;-4;-9;-3;-1;-2;12;16;8;10;2;-1;-7;2;19;4;16;5;-8;-3;-4;3;-4;2;-5;5;1;0;1;-11;-21;-6;6;-6;-1;-3;2;6;2;-3;-8;-12;-4;-3;-8;5;-2;-2;-14;9;4;1;5;-3;4
0;-6;-1;14;6;1;0;2;-5;-4;-2;-12;-3;-1;-3;-42;0;1;12;0;-3;-1;-1;38;4;-2;13;8;-2;-2;0;-2;1;-8;-41;-13;-4;-1;1;-1;-5;2;22;19;7;-1;-4;-3;0;0;-1;-7;-8;-2;-4;-11;-2;-3;-26;-8;0;-1;0;2;4
-9;-6;-11;-4;-1;1;0;1;18;11;-7;0;-4;-5;-3;-5;0;0;-1;11;3;-1;2;16;0;-13;-10;0;-1;-4;-2;-2;9;4;32;7;2;-1;-6;3;-22;-6;-22;-27;-6;-3;-1;-9;4;0;21;5;-1;-3;-2;-9;-1;0;1;8;-2;-2;-3;4;4
24;3;-4;-12;-4;-4;-3;1;-32;-5;6;4;-1;-1;0;-9;9;-5;-26;0;-1;-2;0;-3;-13;14;24;-3;-1;-1;-3;-2;-17;-5;-4;-4;4;2;4;8;1;-2;-3;1;0;-2;-4;-13;2;-1;-6;-14;-6;-2;0;3;3;-4;11;-1;1;-2;-1;-5;4
1;0;-1;-1;2;1;-2;-6;10;-4;-31;6;1;0;0;1;13;-1;16;13;4;-1;0;-5;24;13;9;-33;-17;-6;0;5;-43;-6;-2;1;1;-2;-2;0;12;1;4;-4;-1;-2;-2;-6;-10;-4;-19;10;4;1;0;2;2;-4;11;20;1;-1;-1;4;4
-5;-2;1;-12;-5;-3;-1;1;-8;-2;-5;0;1;1;-5;-1;10;1;-5;14;7;1;-2;-19;0;3;8;-7;-3;-2;3;26;-4;-5;-15;-5;-5;-1;-1;0;27;3;-12;10;6;1;-2;-1;-21;-4;-29;-10;-4;0;-3;-8;0;-1;46;12;-3;-3;-1;-3;4
-7;1;13;14;7;0;-2;-25;9;0;-11;-3;-5;-3;-1;33;-12;1;49;9;-1;-1;-2;-5;-4;-1;-25;-15;-10;-3;-2;-2;0;-4;8;7;3;2;0;3;-10;-1;0;-3;-1;-2;-3;-9;11;-1;-29;9;-2;-3;1;2;-10;-3;16;-14;-2;-2;-3;-8;4
-1;1;7;2;-3;-3;-1;6;9;1;25;2;2;1;-3;-8;0;-3;0;-4;-2;-4;-4;-10;-13;-3;-27;-14;-4;-3;-3;1;4;-10;23;-3;-5;-1;2;-2;-4;-2;-13;10;2;-2;-3;4;5;-1;28;-21;-9;-5;-3;-7;-5;-2;9;6;1;-1;0;4;4
-9;-5;-15;17;5;1;4;8;-2;-3;-2;-1;1;0;1;-3;5;3;36;3;-11;-2;-1;1;-21;-5;-22;-14;0;-2;1;-4;44;6;8;-1;-1;-2;-2;3;-56;-10;-7;14;4;0;-1;0;-2;0;-23;-16;1;3;-1;-5;3;-5;-3;9;0;-3;0;2;4
-6;-3;0;-21;-4;-5;-2;-1;4;-2;-17;2;-5;-3;-3;-4;30;0;38;-2;-5;-1;1;1;-33;-9;-8;5;1;-1;-2;-3;-6;0;-5;-5;-2;-1;0;-5;2;5;36;-6;1;-1;-5;1;12;-3;-11;11;2;-2;-1;3;4;4;17;10;2;-3;-5;-29;4
-3;0;17;1;0;1;-2;-2;-1;-1;-1;-2;-1;-1;0;1;-1;-1;-2;-1;-2;-2;-1;-2;0;-3;2;0;-1;-1;0;-1;0;-2;-8;-3;-1;-2;0;-1;0;-2;1;2;-3;-2;-2;-1;-1;-2;-1;-1;2;0;0;-1;-1;0;1;0;-1;-2;-3;-2;4
-2;0;0;2;-1;-1;-2;-2;-2;-1;-1;-1;0;-2;0;0;-2;-4;1;1;-1;-1;-2;-1;0;0;-8;-3;-1;-1;-1;3;0;-3;-2;-1;-4;-3;1;0;0;1;1;-1;5;3;0;-2;-17;-2;-8;-1;0;0;-4;-24;15;0;12;3;-2;-2;-2;18;4
-4;-1;2;-1;-1;-2;-1;-1;-2;-2;-1;-3;-3;-3;-3;-4;1;-3;-8;-3;1;0;-2;4;-2;-1;-4;-2;-3;-1;-1;-1;-10;-5;-4;-2;-5;-3;-2;-16;7;0;9;2;-1;-2;-1;-6;6;-1;-2;-1;-2;-1;0;18;-5;-1;-1;0;1;-1;-2;-4;4
-2;-1;1;-2;1;-2;-4;0;1;-1;-1;-3;-3;-1;-1;3;-8;0;-4;-2;-5;0;-1;-20;9;0;1;-1;-1;0;2;33;-1;-2;-3;0;1;1;1;-1;-2;-1;-2;-2;-8;-4;-2;0;-2;-1;-3;1;12;2;0;-3;-4;-2;-1;0;1;0;-2;-13;4
-1;-3;-1;-1;-1;-2;-4;-4;1;-1;-4;0;0;0;0;4;-9;-1;7;-1;-7;-3;-2;-13;5;-3;-6;-1;10;0;-3;-10;1;-2;2;0;-1;-1;0;7;-3;-2;-8;-5;0;-1;0;1;1;0;3;-1;-5;-2;-2;4;-6;-1;-4;1;-3;-2;-3;-11;4
1;0;1;-3;-6;-4;0;5;-7;-1;-4;0;1;1;-3;-15;-2;0;4;2;-3;0;-1;-6;0;-2;-11;-6;-2;-2;0;4;2;-2;6;0;-1;-2;-1;0;-2;0;-3;-3;-7;-4;0;-4;-1;-2;0;-1;-2;-2;-3;-1;-2;0;2;0;1;-1;0;-2;4
0;-1;-3;-1;-2;-1;-2;3;2;-1;-1;0;0;-1;-1;-1;-5;0;-3;-1;-1;-1;-1;0;0;0;4;0;2;0;-1;-3;-2;-1;-6;-4;-3;0;1;6;-1;-1;0;3;0;-2;-3;-1;-3;-3;-2;-3;-1;-1;-3;-7;-7;-3;0;-1;-2;-2;-2;-14;4
2;0;-4;0;0;-1;0;6;-7;-1;-6;-1;-1;-2;-3;-14;-2;-1;-2;-2;-1;-2;0;-3;-1;-1;-2;-1;1;-1;-2;0;2;1;2;-1;0;-2;-2;0;-6;-2;-2;-2;-4;-1;-3;-7;0;-1;-1;-2;0;0;-1;1;1;0;-8;-4;0;0;0;-3;4
1;1;0;-3;-3;-1;-1;2;-12;-3;-13;-3;0;1;-2;-20;9;0;1;0;-5;-3;-1;7;-2;0;2;-2;-1;-2;0;0;-1;-1;-2;0;1;-2;1;3;-1;-1;-4;-4;-6;-7;-3;-2;-5;1;5;4;7;5;-2;-11;0;-2;-6;-3;-1;-1;-1;-3;4
-3;-3;2;-2;-4;-1;-3;-1;1;-2;-3;0;3;2;-1;0;-5;-1;1;-1;-2;-1;-2;-4;-3;-2;-5;-1;-2;-1;-3;-13;0;-2;-1;1;-1;0;1;1;-2;-1;1;-2;0;-1;-1;0;0;-2;-6;-2;-2;0;-1;1;-3;0;-2;-3;-1;1;-1;-6;4
-3;-2;-6;-2;2;-1;-1;-6;0;-2;-3;0;0;-1;-2;-8;-1;-3;-3;-5;-3;-4;-1;1;-3;-1;-8;-5;-1;-1;0;-2;0;0;15;3;-5;-2;-2;2;-2;-2;0;-3;0;-1;0;-2;-1;-2;3;0;-1;-2;0;1;-2;-2;-9;-4;0;0;1;-6;4
-3;-3;-4;1;8;1;-1;-4;-2;0;-2;-2;-2;0;-2;0;0;0;0;-1;-3;-2;0;-4;-3;-1;-2;-1;0;0;0;0;1;-3;-5;-4;-1;-1;-2;1;-2;-2;-14;-3;-2;-2;-2;-2;0;0;26;2;-1;-3;-1;0;-5;0;-1;1;1;-1;-1;-4;4
9;-1;-1;0;-2;-1;1;29;-4;-3;-8;-3;-6;-3;-2;-6;0;-1;4;2;1;3;-1;0;-3;-2;3;0;0;-2;0;2;-4;0;-5;-4;-3;-3;0;-9;-3;-1;-7;-1;0;0;-3;-5;-1;-3;-15;-2;-3;-3;-1;2;0;1;19;1;-3;-1;0;-1;4
-3;-1;-3;1;0;0;-2;-6;-1;0;2;-4;-3;-2;-1;0;0;0;-4;-3;-3;-1;-3;-3;-3;-2;-2;0;0;1;-1;3;1;-1;-2;-1;-1;-2;-3;-4;-3;0;-1;0;-1;0;-1;0;3;1;0;-2;-1;-2;-2;2;-2;-3;-13;-6;-5;-1;-1;2;4
-1;-3;-2;-1;-2;-2;-1;1;-1;0;3;-1;-1;-2;-2;-2;1;-2;-4;-2;-5;-5;-2;3;-2;-1;-1;0;2;3;-1;0;-5;-1;-7;-8;-1;-2;-1;-17;5;-1;2;-1;-2;-1;1;25;0;-3;-1;0;-4;-3;0;1;-1;-1;0;0;-3;-2;-4;0;4
1;-2;-8;-2;-3;-1;1;15;-4;-3;-4;-3;-4;-1;-2;-6;0;-1;1;-1;0;1;-1;0;-6;-4;-8;-2;-5;-4;-2;-11;0;-2;3;0;1;-2;-2;0;1;-1;2;0;-2;-2;0;-2;0;-2;-19;-5;1;-1;-1;-3;-2;1;23;5;-3;1;-1;4;4
-2;-1;-1;0;0;0;-1;3;-4;0;-2;-2;-2;-1;-1;-7;0;-1;5;1;0;-1;-2;1;-1;-3;-7;-4;-2;-2;-1;-2;-4;-1;2;0;-4;0;-2;-19;6;-1;-4;2;6;1;0;31;1;2;6;1;-1;-1;-1;1;-2;-2;-8;-2;-2;-1;-1;-2;4
-4;-2;1;-1;-1;-1;-1;-5;-1;0;-3;0;0;-2;-3;-6;-1;-2;-4;-3;-3;-2;-2;2;2;0;-1;-2;-1;-1;-1;-1;0;-2;3;0;-2;0;0;-1;-2;-1;-4;-2;2;-1;-1;-3;-2;-2;-4;-1;-1;-2;-2;-4;2;-1;-7;-3;-4;-1;-3;1;4
6;0;1;1;-1;-1;0;1;-2;0;0;-2;-1;0;1;-11;5;-1;-4;-3;-6;0;3;30;0;-2;3;2;4;-1;-2;-1;-2;-2;-3;-1;3;0;-2;-3;-5;-1;1;-2;-3;-3;-1;-8;-3;-3;-17;-7;-2;-1;-2;-11;1;0;27;7;-3;-2;0;-1;4
-2;-1;0;1;2;-2;0;2;-1;0;-1;-4;-1;-1;1;4;-4;-3;-2;0;0;0;-2;-16;0;-1;-8;-3;-3;-1;-3;-1;-1;0;10;0;4;0;-1;3;-2;-1;-8;-3;-4;-2;-3;-1;-2;-1;0;-4;-2;-3;-1;-7;0;0;0;0;0;0;0;2;4
-2;1;9;2;-1;-1;-3;0;-1;-1;-1;-1;-4;-2;-1;-4;-3;-3;-15;0;2;-1;-1;-2;2;1;20;2;-2;-3;0;-15;2;-1;-7;0;1;1;1;24;-1;-2;1;-1;0;-1;-1;-2;-2;-1;-5;-6;-4;-2;-2;-5;-2;-3;-3;0;1;0;-1;-6;4
-3;-3;-4;-2;-5;-2;-2;-4;-8;0;4;4;8;-1;-3;-16;8;0;2;1;-5;-1;-1;20;1;0;-3;-6;-3;-2;-5;2;-2;-4;2;-2;0;-1;0;-5;-1;-3;-4;-4;-2;-1;-1;3;-5;-1;3;-1;0;-1;-3;-12;0;-3;-6;-2;2;-1;0;-1;4
-4;-5;-14;-10;-4;-4;-3;-4;0;-4;-5;0;0;-1;0;0;1;0;0;-1;0;-1;-2;-6;-2;-3;0;-1;-1;0;0;1;0;0;-1;-1;-3;-2;-2;-1;-3;-1;2;0;-1;-2;-1;-2;1;-1;-10;-5;-1;-1;-1;3;-5;-2;7;0;-3;-1;-1;-3;4
-3;-1;-9;-3;-2;0;-1;4;0;-1;14;1;-3;-2;-2;-3;-8;-2;-3;-1;1;0;-3;-18;10;0;-1;0;-1;-3;-1;26;-1;-2;-6;-4;-5;-3;-3;2;-2;0;-4;-1;2;0;-2;-5;1;1;-2;0;-6;-1;2;6;-6;-2;2;-3;0;-2;-3;-11;4
9;-2;-4;-5;-2;-1;-1;8;-1;0;13;6;0;-3;-2;2;2;-2;-3;-2;0;-1;0;2;-2;-2;-2;-1;-2;-2;-1;-2;-4;-1;-9;-1;1;-1;-2;-7;0;1;4;0;-2;-1;-1;-3;1;0;2;1;0;1;-2;4;-1;-2;-3;-2;-2;-3;-2;-5;4
-4;-1;4;-1;-4;1;0;-3;-4;-2;-8;-3;-3;-1;-1;-11;0;-4;-7;-5;-1;-2;0;-1;-2;-1;1;-2;-3;-1;-1;2;-1;0;0;0;-4;-1;-1;-3;-3;-1;-2;0;-1;-1;-3;-4;0;-1;1;0;-3;-1;1;1;-3;-2;-3;-2;0;-2;0;-6;4
-1;-2;-4;-3;-1;-1;-2;-18;4;1;4;0;1;-2;1;29;-2;-2;-1;-3;-3;-1;-1;-4;2;0;-4;-2;-1;0;1;5;-7;-2;3;1;-2;-1;-2;-5;-2;-3;-12;-5;-3;-1;-3;-12;0;-1;4;1;-1;-1;-3;0;-1;-1;-4;-3;0;0;0;1;4
-1;2;5;4;0;-2;-2;-8;2;-1;-5;-2;-2;-1;-1;3;-3;-4;-28;-9;-4;-2;-1;-1;-2;0;25;2;-3;-2;-2;2;-1;-3;-6;-5;-2;0;-1;-1;-2;-2;2;0;-1;-3;-1;0;-1;-1;3;1;0;-3;-1;-4;-2;-1;-13;-3;1;1;-1;3;4
-2;-1;0;-6;-5;-2;-2;-7;1;-3;-5;-2;1;-1;-1;4;0;-1;4;1;-1;-2;0;-5;-2;0;-2;0;0;-3;-1;0;-1;0;-7;-2;-1;0;-3;-1;0;-2;-2;-1;1;-1;-2;1;-12;-1;10;0;-2;-2;-2;-11;7;-1;-5;-1;-3;-2;-1;0;4
-3;-1;-1;-1;-4;-2;-1;-2;1;-2;-6;-5;4;0;-2;-1;-8;-1;3;-1;0;-2;-2;-15;7;0;-1;-2;-2;0;0;27;-2;-1;-2;-3;-3;-1;0;-4;-1;2;2;1;0;-1;0;0;-2;-1;-6;-2;0;-1;-3;0;-5;-3;-3;-2;-1;-1;-1;-9;4
2;0;3;2;-3;-2;0;3;-3;-1;-3;-2;-3;-1;-1;-1;-5;-2;0;-1;-1;-3;0;-15;1;-3;-1;-1;-2;-1;0;3;0;-1;-1;-4;0;-1;-1;4;1;-2;2;2;-1;-1;-1;-6;-3;-3;-1;-2;-4;-2;-3;-4;0;-3;0;1;1;-1;-2;1;4
-3;-1;-10;-2;0;0;-1;-6;1;-2;17;4;0;-1;-1;0;-3;0;-2;-2;-5;-1;0;1;-2;-2;-6;0;0;0;-1;0;-3;0;4;-3;-7;-1;-2;-22;7;1;3;2;2;2;2;33;-3;-2;-5;-5;1;1;-2;-3;0;-1;3;0;-2;-3;0;-2;4
-2;-1;3;1;-1;0;-1;3;-2;-3;-4;-2;1;0;-4;-19;3;-1;-1;-2;-3;-1;2;28;-1;-2;-3;-1;0;-1;-2;-2;1;0;0;2;1;-1;-1;1;-4;-3;-2;-4;-3;-2;-2;-9;-3;-2;-1;0;-1;-2;-1;-10;3;-1;0;-1;-2;-2;0;2;4
-1;-2;-14;-8;-1;-1;0;1;-3;-1;-5;-3;-2;0;-2;2;-2;0;7;2;-2;-2;-1;-3;0;-1;-3;-1;0;0;-2;-6;0;-1;5;3;0;-1;-2;3;-3;-2;-4;-1;0;-1;-2;-7;0;-2;-3;-2;1;-2;-2;0;-1;0;2;0;-1;-1;-2;-3;4
0;-1;-3;-3;-3;1;-1;3;-3;1;1;0;2;0;-2;-3;1;-1;-5;-1;0;0;-1;5;-10;-2;3;-1;-2;-1;-2;-14;7;-1;-3;-2;-6;-3;-1;9;-1;-1;-3;-3;-4;-2;-1;-2;-1;-1;2;3;4;0;0;2;-1;-3;-5;-4;-3;-2;-1;0;4
-4;-4;-17;-5;0;-2;-3;-7;-3;-3;-9;-3;-1;-2;0;-4;-4;1;7;2;-5;-3;0;-10;1;0;-9;-1;1;0;0;-1;-4;-1;6;0;-1;-3;0;0;0;1;3;0;-3;-2;-2;-3;-4;-3;-4;-2;0;0;0;-6;2;-2;-1;0;-2;-1;1;6;4
-1;-2;1;1;4;0;-1;-2;0;-3;1;-1;-5;0;-1;1;1;-1;-3;-2;0;-1;-1;0;-2;-2;-2;1;-1;1;-1;3;-4;0;-2;-4;-9;-3;-3;-5;-1;-2;-3;-1;2;-2;-2;-18;5;2;2;1;2;0;0;26;-2;-2;-2;-2;-1;0;1;1;4
0;-1;1;-1;-1;-1;-1;0;-6;1;-3;-2;-5;-5;-2;-4;4;0;1;0;-1;0;-2;-13;1;-2;-2;-1;0;-1;0;13;-3;-1;-2;-3;1;0;-1;-2;1;-3;1;-3;-1;0;-1;4;-6;-1;-4;-4;-3;-2;-1;-11;0;-2;2;4;-2;-2;-2;-3;4
-5;-3;-5;0;-2;-4;-2;-6;-2;0;1;1;-1;-1;-1;-9;1;-2;-5;-4;-1;0;-2;2;-2;-1;3;3;1;-1;-1;1;-3;-1;3;1;-2;0;0;2;-1;-2;-9;-2;0;-1;-3;-7;1;0;0;1;-1;0;0;3;-1;-2;2;-1;-1;-3;-2;-5;4
-1;-2;-5;-1;0;0;-2;-2;-1;1;11;1;-3;-2;-2;2;-1;-2;-3;0;-3;0;-2;-1;-3;-2;-4;-3;-4;-3;-2;-4;-9;-3;-1;-3;-2;-2;-2;-9;9;-1;-5;-3;1;-2;-1;1;-2;-1;6;0;0;-2;-2;4;-2;0;1;0;-3;-1;-1;-3;4
-3;-1;1;2;3;0;0;-1;0;-2;-3;-1;-1;0;-1;-14;3;-1;-1;0;-2;-1;2;21;-2;-1;-1;-1;-3;-1;-2;-4;2;0;4;0;-3;-2;-1;2;-6;-2;-7;-2;1;-1;-4;-4;-5;-2;-4;-1;0;-2;-2;-12;3;-1;-1;-1;-2;-1;2;4;4
-1;-1;-1;-3;-4;-1;-3;2;-6;-2;-4;-2;0;1;-3;-6;-2;-1;3;2;-4;-1;-2;-7;1;-1;-6;-4;0;-2;-1;3;0;-2;-11;-1;1;0;0;-2;-3;0;12;2;-3;0;0;-4;1;-1;0;0;-1;-1;-3;-2;-2;-3;-7;-7;-2;-3;-1;-4;4
-2;0;-2;-3;-2;-1;-2;2;1;-1;4;4;-2;1;-1;0;-1;-2;-1;0;1;-1;-1;0;1;-3;-4;-1;-3;-1;-1;0;-2;-1;-1;0;0;-1;0;2;0;-1;-6;2;-2;-1;-1;-2;-5;-4;-6;-3;-3;-2;-4;-10;6;-1;-2;-2;-3;-3;-1;-12;4
-1;-1;-2;-4;-2;-1;-2;-1;-1;-1;-4;-1;-2;-2;0;2;-2;-4;-8;-2;1;-2;-3;-2;-11;-1;10;1;-3;-3;-4;-16;9;-3;-6;-4;-1;0;0;0;1;2;6;0;-3;0;0;7;-4;-1;-2;-3;-2;-1;-1;-7;0;-3;-4;0;2;-2;-2;5;4
-1;1;5;0;-2;-1;-2;9;-1;-1;-1;0;5;1;-2;-1;0;0;-1;-3;0;0;-2;3;-8;-2;-4;-6;-5;-2;-1;-8;-2;-4;-1;3;3;-1;0;-4;1;-2;2;-1;-3;-2;-1;3;0;0;-10;-3;-1;-1;-1;-4;-2;1;9;1;-2;-2;-3;0;4
-2;-2;-5;-1;0;-2;0;-4;-2;-2;-2;-2;-3;-2;0;-1;-2;-1;3;2;0;-1;0;1;-2;-2;-5;-2;-4;-3;-1;-2;2;0;0;-2;-3;-2;1;1;-3;-1;3;0;-2;-2;-1;0;-3;-1;0;-1;-1;-2;-2;0;-3;-3;-4;-3;0;-1;-1;-3;4
0;-1;-4;-1;2;1;-1;0;-4;-2;-5;-3;-1;-1;-3;-9;3;1;3;-2;-2;0;0;8;-3;-2;-3;-4;1;-1;-2;-4;-4;-1;1;3;-3;-1;-1;-3;-1;-3;-3;0;0;0;-1;0;-2;-2;-2;-2;0;-2;-2;1;-10;-1;-1;-2;1;-2;-2;-16;4
-2;-1;1;-2;-1;-1;-1;0;0;-1;-5;-1;-1;-2;0;-1;-1;0;2;-1;-1;-3;-1;-4;1;-3;-3;-2;-3;-2;0;0;-10;-2;-1;-4;-4;-3;-2;-11;9;1;4;3;4;1;4;15;-1;-4;-1;-1;-1;-3;-2;1;1;0;0;-3;-1;-2;-2;1;4
-2;-2;-4;0;-3;-1;0;-6;-4;-2;1;-3;-3;-1;-2;-7;0;-2;-2;-2;-4;-1;-1;0;-3;0;2;1;-1;2;0;-4;-3;1;-1;-4;-3;-1;0;3;-1;-2;-2;-2;-2;-1;0;-2;-1;-1;-5;-2;0;1;-3;-1;2;-1;1;-2;-1;-2;-1;1;4
-5;-1;0;0;-2;-2;0;-1;-1;-1;1;3;0;0;-2;1;-2;-1;-6;-6;-6;-3;-2;-6;-2;-2;-4;2;6;1;-4;1;-1;-2;-2;0;-1;0;0;-4;0;0;8;3;-2;-3;0;4;-2;-2;-1;-4;-1;-2;-2;-3;-5;-4;-2;-2;-5;-2;-2;-22;4
-2;-1;1;0;1;-1;0;-4;-4;-3;-3;-4;-3;-2;-1;-4;-2;-1;-3;2;2;0;-1;-1;0;1;1;0;-3;-2;-2;3;-1;-1;0;0;0;0;0;-3;-9;-1;0;0;-1;-1;-1;-14;9;-2;-5;-1;-2;0;0;17;-2;-1;-1;-1;-2;0;0;1;4
4;-1;-5;-5;-3;-3;-2;-15;4;0;0;2;-2;-1;0;21;-4;1;0;-2;-2;-2;-2;-2;0;-1;-4;-1;3;0;-1;-2;-6;-1;1;-2;-4;-2;-5;-5;-2;-2;-2;-1;-1;-2;-3;-7;2;-1;-3;-1;2;1;0;1;-2;-2;1;0;-3;-2;-2;-3;4
-5;-1;1;-1;-3;-3;-2;-6;0;-1;-4;-2;-2;-1;-3;-5;-2;-2;-1;-2;-2;-4;1;-2;2;-1;-5;-2;1;2;0;0;-1;-1;-1;0;-1;-3;-2;4;0;-4;0;-1;-4;-1;-1;-4;-4;-2;-3;-3;4;-1;0;2;-1;-2;-11;-6;-3;-2;-1;-3;4
2;-2;-9;-8;-3;-1;-2;0;-3;-1;7;2;4;-3;-4;2;-1;-1;-5;-1;-3;-2;-2;-1;-2;-1;-2;-1;-3;-2;-2;-7;1;-3;-1;0;-2;1;-1;-16;4;2;0;-1;-1;0;2;25;-3;-2;-7;-2;-2;-2;-1;-3;-1;-2;1;1;1;-3;0;0;4
1;-2;-1;-2;-3;-3;-2;3;-10;-2;-2;-4;-6;-3;-2;-12;7;-2;0;-2;0;0;-2;-3;-1;-1;-7;-3;1;0;-1;7;-1;0;4;1;-2;-4;-3;1;0;-4;-6;-1;-3;-1;-3;1;-7;-1;1;-2;-3;-2;-2;-11;1;-1;1;0;0;0;0;-1;4
-3;-2;-3;-1;-2;0;-1;-10;-1;-1;0;-1;-1;0;-1;1;-2;0;-2;-3;-3;-2;3;7;0;-1;0;-2;2;1;-1;-4;-2;-1;-1;-1;-3;1;1;-3;-1;0;0;0;1;0;0;1;-4;-3;-4;-3;-3;-1;-1;-6;1;-1;-2;-1;-2;-3;0;5;4
-3;-2;0;-1;-1;-1;-1;2;-2;-1;0;0;-3;-1;-2;-1;-7;-2;-4;-2;0;-1;-4;-21;7;1;0;1;-1;1;1;32;0;-3;-13;-4;0;0;-4;-2;-1;0;21;4;-2;-1;-1;-3;-4;-2;-2;-1;-1;0;-3;-1;-2;-2;0;1;1;-1;-2;-9;4
-1;-1;-7;-4;-3;-2;-1;-1;0;0;5;1;0;-2;-2;-2;-7;-1;2;-1;-2;-2;-3;-8;1;-3;-5;-2;-3;-1;1;-3;0;-3;0;0;0;0;0;2;-1;-3;-5;-3;1;-1;0;-7;-3;-1;1;5;0;0;-1;2;0;-1;-2;-4;0;-2;-1;0;4
-2;0;-4;-2;-3;-2;-1;1;0;1;-1;-1;-2;-2;1;1;-5;-3;-1;-2;-4;-3;-1;-3;0;-3;-2;0;0;1;-1;0;1;0;-1;-1;-1;-1;-1;3;-1;-1;-2;-3;-3;-1;-2;0;0;-1;-1;1;0;-1;-3;-4;1;0;-2;-1;-2;-3;-1;0;4
-3;-3;1;-1;-4;-3;0;-5;2;0;-6;-2;1;0;-1;2;-1;-1;3;-1;-1;-1;0;-3;-2;-1;-1;-2;-2;-1;-2;-1;-2;0;-2;2;-1;0;-1;-3;-2;1;3;2;-1;-2;-1;1;-3;1;-3;-4;-1;0;-2;-2;-3;0;-2;-3;-1;-1;-3;-20;4
-3;-2;-3;-1;0;-4;-1;-5;-2;-1;1;-1;0;-2;-1;-2;-1;-1;-4;-2;-2;-4;-2;0;0;0;-5;-3;-3;-3;-2;-13;2;0;2;-1;2;2;1;26;-3;-1;-1;-1;-5;-3;-1;-5;1;0;0;2;-1;-5;-1;2;-4;-1;-8;-5;3;2;-1;-3;4
-12;-1;6;4;5;-2;-4;-15;9;-1;-1;0;1;-1;0;6;0;-1;-2;-3;-3;-3;-1;5;0;-2;-6;-2;-3;-1;1;3;-3;0;0;-2;-4;-2;-1;-2;-5;-2;3;2;0;-2;-2;-12;-3;-3;-7;-4;1;1;-1;-3;0;-1;0;-2;-3;-2;-2;3;4
-2;0;-2;-2;-3;-6;-1;2;-4;-1;-2;-2;-4;-1;-3;-12;-1;-1;-1;0;-1;-2;-2;-2;0;-1;-2;0;1;0;-1;2;2;-1;-1;-4;-2;-1;-1;-1;-2;0;1;-3;-3;0;1;-7;-1;-2;0;1;-1;-3;-2;1;-3;-2;-7;-5;0;-1;-2;-4;4
0;-2;-6;-4;-1;-2;-1;4;-2;-3;-3;-1;0;-2;-1;-7;-2;-3;-3;-1;-4;-2;1;2;-2;-2;-1;1;-1;-2;-2;-6;1;0;0;0;-1;0;-2;2;-2;-2;-3;-2;-4;-4;-4;-5;-2;1;-1;2;7;5;-1;-3;-1;0;1;-1;-3;-1;0;0;4
-1;-2;6;0;2;-2;-2;-3;-3;-2;-3;-1;-1;0;-1;-1;1;1;0;0;-4;-5;-1;1;0;-1;7;0;-2;-1;-1;1;-2;-3;-7;-5;0;-2;-1;0;-1;-1;0;-3;-2;-1;-1;-4;0;-2;-2;-2;-1;-2;-1;2;-4;-3;-6;-3;0;0;-1;-3;4
0;-2;-8;-2;0;0;0;4;-1;1;8;0;-3;-2;-1;-1;-1;-2;0;-1;-1;-1;-2;-6;2;-1;-4;-3;-2;-3;-1;2;-1;1;-4;-2;-3;-2;1;3;-11;-3;-5;-2;-3;-1;-1;-15;10;-1;-2;-1;-4;-1;-1;1;1;1;1;-3;3;-2;-1;5;4
-5;-2;-1;0;-3;-3;-2;-20;6;-1;-1;0;0;-1;1;31;-1;1;0;-4;-4;-2;0;1;-1;-1;-5;3;5;0;0;0;-4;1;1;-2;0;0;0;-2;-2;-2;-4;-1;0;-1;-2;-12;0;-3;1;1;-2;-2;-1;0;-1;0;2;-2;-1;-2;-2;4;4
-3;-2;1;4;3;3;0;1;-6;-2;-2;-1;-2;-3;-1;-15;0;0;-1;0;-1;0;-1;1;-1;-1;-1;-4;-6;0;-1;2;0;1;-4;-3;-1;-2;-2;5;-3;-1;-5;0;-1;-1;-1;-11;1;-1;4;0;-3;-3;-1;5;-1;0;0;-2;1;-1;-2;-6;4
-2;-2;-6;-2;-3;-2;-2;0;0;0;7;1;0;-3;-1;-1;-1;-1;-2;-4;-2;-2;-2;-5;-2;0;-3;-3;-6;-3;0;2;-2;0;2;3;1;-1;-2;-5;0;-4;-3;-2;-2;0;-1;0;0;-1;-1;-1;0;-2;0;0;-1;-2;-5;-2;-3;-2;-2;-5;4
-1;-1;-2;-2;-2;-1;-2;-1;-1;-1;1;0;1;-3;-2;0;-1;-1;-5;-2;0;-1;-1;-2;-3;-2;-2;1;-2;-1;-2;1;-3;-2;1;-4;-1;-2;-1;-2;0;-1;-1;1;1;1;-1;-1;-1;0;-1;-1;2;-1;-1;-2;-3;-2;-4;-5;-5;-3;-2;-15;4
0;0;-3;-2;-1;-3;0;-3;-5;-3;0;-1;-3;-2;0;-7;-3;-2;1;1;2;1;-1;-9;0;-2;-2;-1;-1;-2;0;5;-3;1;-8;-4;1;0;-1;-4;-3;-1;0;-2;-1;-2;-2;5;1;0;4;0;-2;-3;-4;-5;0;-2;-6;-2;-2;0;0;2;4
-4;-1;2;-2;-3;-1;-3;-3;0;-2;2;-1;-1;-2;-2;4;-2;-1;3;1;-1;-2;-3;-8;-7;-3;-9;-4;-1;-1;-1;-12;8;-2;0;-2;-1;-2;3;28;-1;-1;-2;-1;0;-2;-1;2;-2;-1;-4;-4;-7;-2;0;-5;-4;1;-3;4;6;3;-1;-1;4
-3;-1;-3;-2;-2;0;-1;-2;1;1;1;-1;-2;-1;0;1;1;-1;-4;-2;-1;-2;-1;-3;-3;0;3;1;4;-1;-1;-1;1;-1;-3;0;-2;1;0;-5;-2;-1;-4;-2;1;0;0;1;2;-1;-3;-4;-3;-1;-1;3;-6;-2;3;-2;-5;-4;-2;-14;4
-2;-1;-1;2;4;-1;-1;-5;-2;-1;-3;-2;0;2;0;-2;0;-2;2;1;1;-1;-2;-2;0;-2;-3;-1;-3;1;1;3;-4;-2;-5;-5;-6;-2;-3;-5;-1;-1;0;-1;3;-1;-1;-4;-1;-1;-2;-1;-2;-3;-3;-1;0;-2;-1;-2;-2;0;-2;2;4
1;-2;-4;-4;-2;-1;-1;-4;-5;-2;-3;-1;-3;-1;-3;-8;-1;0;1;0;-2;-2;-1;1;-3;-2;-3;0;2;0;-1;-5;-1;-2;0;-1;-5;-5;-2;2;-1;-1;-3;-2;-1;-1;-3;-3;-2;0;-11;-5;-4;-2;0;-2;-11;1;17;3;2;-2;-3;-15;4
-2;0;-4;-3;-1;-1;-1;-1;-4;-1;0;-3;-2;-2;-2;-3;0;1;-1;0;-2;-1;-2;-1;-1;-2;-4;-3;-2;1;0;1;-2;-2;-3;-3;-2;0;-2;1;-1;1;2;1;1;-2;-2;-6;-2;-1;-5;0;4;-1;0;-2;-1;-2;1;-3;-5;-5;-3;0;4
-1;1;-2;2;4;-1;-4;-3;1;-1;-3;0;5;0;-1;2;-6;-1;5;1;-2;-2;0;-6;3;-2;-9;-3;-2;-2;-3;-18;2;2;1;-3;-5;-2;3;20;-2;-1;-3;-2;-3;-2;-2;3;-2;-4;0;-2;-3;-2;-2;-2;-4;-2;-1;3;1;1;0;-5;4
-3;-4;-14;-4;-7;-2;-3;-6;-6;-1;8;0;-1;-2;-2;-6;5;-2;-1;-3;-5;-3;-2;-10;2;-1;0;0;0;0;2;16;-1;0;1;0;2;0;-1;-4;-2;-1;-3;-2;1;0;0;0;-3;1;-1;-2;-4;-2;-2;-7;-2;-4;-3;-1;1;-5;-4;-9;4
-1;-1;-1;-2;-5;-2;-1;-2;1;-1;-1;0;2;0;0;3;1;-2;-5;-1;-5;-1;0;0;-5;-2;0;0;-4;-1;-1;-7;0;-3;-2;-3;1;-1;-1;2;-2;0;-11;0;0;1;-1;-2;-2;0;10;3;1;2;-3;1;0;-1;-2;-2;-1;0;1;-3;4
1;-1;-1;-1;-1;-3;0;0;1;-2;-3;-2;1;1;-1;-3;-2;-2;-3;-3;0;-4;-3;2;-1;0;10;4;-3;-1;-3;-3;-1;-2;-9;-2;-4;-2;-1;0;-1;0;16;3;-3;-5;-3;-2;-4;0;-6;-1;-1;-1;-2;-14;6;0;-8;-3;-1;0;2;32;4
-2;-1;5;0;-2;-2;0;-4;0;-3;-5;-4;-2;-2;-1;0;-1;-1;-2;-1;-2;-2;-2;3;-3;-4;-13;-4;-2;-4;-2;-18;0;0;0;1;-2;-1;-3;0;-3;-2;-1;-6;-6;-2;-3;0;0;0;2;4;4;2;1;2;-4;-1;-6;-2;-2;-2;-2;-9;4
0;-1;0;3;2;1;2;1;-1;-2;-4;-2;-7;-6;-2;4;1;-3;-3;-2;1;3;-2;-1;-3;0;2;2;-1;0;-3;-3;-1;-1;2;-6;-9;-2;-1;-5;-1;-1;-7;2;8;2;0;5;-1;-1;3;-1;-6;-4;-1;-3;-9;-2;-6;-4;-1;-2;-2;-11;4
1;-1;-5;0;0;0;-3;3;-2;-1;6;1;-1;-1;-3;-2;-3;0;-2;-2;1;-2;-1;-6;-8;-3;1;-2;-3;-3;-1;-9;7;-1;-2;-4;-5;-3;0;9;0;0;1;3;8;4;1;3;-4;0;-6;-3;-3;-2;-4;-5;0;-1;2;2;1;-1;0;3;4
-1;-1;3;2;4;0;0;-1;-2;-2;-7;-3;1;-1;1;-3;-2;-3;-3;-1;0;-1;1;-1;-1;-1;-2;-2;2;1;0;-9;-3;-2;-3;0;0;1;0;0;-3;-1;0;0;0;-2;-1;3;0;-2;-6;-7;-10;-5;-3;-1;-1;0;-4;-1;6;2;-2;-6;4
-3;-3;-5;-3;-5;-1;-1;3;-9;-3;-1;-2;3;0;-2;-17;9;1;1;-1;-5;-2;0;27;-1;-3;-4;-1;0;-1;0;-1;0;-1;-14;-5;-3;-1;-1;-5;-1;-3;-2;-1;-1;-1;-1;3;-5;0;19;6;-3;-3;-1;-8;-4;0;1;1;0;-1;-3;-6;4
-3;1;3;0;-2;-1;-1;-3;-1;-3;-8;-4;-3;0;-1;2;-1;-1;0;0;0;-1;-2;-5;-2;-3;1;0;-6;-2;-3;3;-3;-1;-10;-4;1;-2;-1;-6;0;-2;-13;-2;-1;0;0;2;1;0;14;2;1;0;-1;-4;-2;-1;6;-2;-5;-2;-1;-3;4
0;-3;-3;0;-2;-1;0;0;-2;0;3;0;2;0;-2;-7;-2;-2;-6;-3;-4;-3;-1;0;0;0;0;-3;0;1;1;-3;-1;-3;-19;-6;-2;-2;-1;2;0;0;21;1;-6;-4;-1;-3;-2;-3;-2;0;-1;-1;0;-4;-9;-3;-2;1;-1;-3;-3;-14;4
3;1;0;0;2;0;3;25;-3;0;1;-1;1;0;0;-1;-1;-2;-4;-2;-2;-1;-2;0;-3;-1;-8;-2;-2;-1;-4;-4;-3;-3;1;-2;-2;-1;-4;-9;0;-1;-1;-1;0;-1;-2;-3;-2;0;-4;-5;-3;-1;-2;-1;0;-2;0;1;4;0;1;5;4
-1;-1;0;0;3;-1;-1;-8;-1;-1;-13;-5;-3;-3;-1;2;-2;0;6;2;2;1;-1;-4;0;0;1;1;1;-1;0;2;-1;-2;-1;-2;-2;-5;-2;-6;-3;-3;-4;-4;-3;0;-1;0;-1;-3;-2;-3;-8;-5;-3;-2;1;0;-4;4;11;3;1;5;4
3;1;-7;-3;1;0;0;27;-2;-1;2;0;-3;-2;-2;1;-1;-1;2;-1;-4;-3;0;0;-4;1;2;0;0;2;1;-3;-3;-3;-4;1;0;-4;-1;-11;2;-1;0;-2;-3;-3;-1;5;-2;0;0;2;2;-2;-2;-1;-3;-2;-4;-5;-3;-4;0;-2;4
-5;-1;6;0;1;0;-2;-11;-4;0;0;-3;-1;-4;-3;-9;2;-2;-11;-4;-1;0;-1;0;-4;-1;8;2;-1;-1;-1;0;-1;-1;-6;-1;0;-1;-2;1;-2;-1;2;-1;-2;-1;0;-4;-1;-1;2;-1;-5;-2;-1;1;-1;-1;-10;-2;1;1;-1;-6;4
0;0;-6;-3;-1;-2;-3;-2;-3;-2;-3;-2;-1;-1;-1;-3;1;-1;1;-1;-5;-2;0;0;-1;0;3;-1;0;-2;-1;3;-1;-2;-10;-3;1;1;-1;-2;-2;-2;4;-1;-2;-3;-2;-6;-8;-3;-5;-2;-4;-3;-2;-12;9;0;1;-1;0;-2;-1;23;4
12;-2;-5;1;2;0;0;12;-4;-2;5;-1;-2;-2;-2;4;-2;-3;-2;0;2;1;-1;-5;-3;0;5;-2;-3;-2;-2;0;-2;1;1;0;0;0;1;-6;-4;-2;-6;-3;-3;1;-1;-7;1;0;1;-2;1;-2;-1;2;0;-3;-4;-2;-4;-3;-3;-4;4
8;0;-5;-1;1;-1;0;24;-1;-1;6;2;-2;-2;-1;2;-3;-1;-2;-1;0;-1;-2;-3;0;-1;-3;-2;-8;-4;-1;2;-5;-2;3;-3;1;2;-2;-13;-2;-1;-3;-1;-4;0;0;1;-1;0;0;-1;0;-3;-1;-1;0;-1;-5;-2;-1;-1;-2;-4;4
4;1;-8;-4;12;5;-2;2;-6;4;17;31;-7;-3;-1;-9;-3;-3;-17;-25;-13;-3;2;-5;1;-4;-10;-23;-20;-8;-2;1;-10;0;28;25;19;7;-3;-17;6;7;13;-2;-21;-12;-4;15;-1;-4;-32;-12;-3;-2;-1;-4;1;1;9;42;17;5;0;4;4
-1;3;5;13;-8;-7;-1;-4;-2;-11;-62;-42;13;6;-1;0;2;6;52;31;6;1;-5;1;-2;-2;-7;3;0;-1;1;-3;-3;-2;2;-9;-2;-4;0;-4;-1;-2;5;25;10;0;-4;2;0;-4;-32;-14;-13;7;2;4;0;9;29;57;34;0;-2;-2;4
1;-3;-18;5;12;4;3;5;-2;1;29;-5;-6;-4;-2;-4;-3;-3;4;7;-18;-6;-2;-1;1;0;13;11;17;2;-2;-2;-6;-1;19;5;-3;-2;-2;-4;0;-9;-12;31;22;3;-2;1;1;2;28;-11;-6;0;0;1;-5;-4;0;-14;-1;-1;-2;-3;4
1;0;1;28;9;2;1;2;-4;-1;20;-1;-15;-7;-3;-4;0;-3;-14;-20;7;1;0;2;-2;0;3;14;-2;1;3;3;-1;-3;-13;-27;2;0;-1;0;0;-2;-10;-4;-11;0;-1;-1;5;6;17;12;12;3;-1;2;-1;-3;1;-9;-3;-2;-2;1;4
0;0;27;2;9;3;0;2;-4;-1;-12;-36;-16;-7;-7;-7;0;-1;10;32;18;-1;-2;3;-1;0;-11;-35;-27;-5;-1;-4;-4;-5;-23;16;15;3;0;-2;1;2;39;11;-9;1;-1;-1;1;-4;-15;-7;9;-1;-1;4;-1;-3;-7;19;13;1;0;-3;4
-1;-6;-12;4;12;3;-1;0;2;5;4;28;3;2;0;0;-4;-1;9;-53;-17;-3;-3;0;-11;-3;-20;-5;1;0;-3;-11;9;0;2;1;-1;-1;-2;-1;0;0;10;24;22;6;3;15;-2;-4;-5;18;8;-1;1;-2;-3;-9;-30;-36;-14;1;2;3;4
-1;1;38;43;6;-4;-4;3;-5;-6;-16;-44;-5;2;2;-4;-2;1;-9;-1;-26;-7;-5;-20;12;0;-11;-41;-14;-6;2;29;-5;-5;-6;18;26;0;-3;-5;-2;0;1;-2;-10;-3;-3;-4;-2;-2;3;24;10;1;-1;-7;0;-2;-23;-19;10;-2;-2;5;4
-6;-2;3;0;-6;1;-3;-8;2;-1;-6;-1;11;4;-1;-2;0;1;-3;-16;3;-1;2;0;-6;-5;1;37;-4;0;0;-5;1;-1;-6;18;9;0;0;-2;6;0;-42;-30;-6;-5;-1;11;-18;0;19;2;-5;-1;-2;-22;13;1;3;11;25;1;-4;22;4
10;-1;-1;-10;-19;-6;-3;-9;1;2;0;18;31;6;4;17;-3;0;-1;-18;-32;-5;-1;-6;-5;-2;0;-5;-6;-2;-2;10;-12;-5;-23;11;7;1;-4;-28;7;5;31;6;-7;0;0;10;4;-5;-27;-9;23;-1;-2;17;-12;5;47;9;5;1;-2;-16;4
-5;-2;-13;-17;-2;3;1;4;-3;0;-13;-16;-10;-3;-4;-5;-9;0;-4;1;10;1;2;-10;1;0;7;17;6;-3;-2;6;3;1;-4;-6;-2;0;0;4;-5;0;19;9;-5;-4;-5;-3;2;-3;-14;-16;-5;2;2;-8;4;-3;-4;-1;11;-3;-1;8;4
-19;-2;-15;19;7;4;0;-33;26;0;-6;-27;-14;-5;3;59;-1;2;0;26;3;2;0;-1;0;0;17;-8;-12;-5;-2;4;-5;-7;-11;19;5;-1;-2;2;-8;2;13;-6;6;0;-1;-26;-6;-3;-2;9;-10;-3;-1;-3;1;-3;-17;-11;23;2;2;4;4
16;5;8;-11;-23;-9;-4;17;0;0;-2;4;18;3;3;11;-2;-1;-8;-7;-14;-5;-1;-1;3;1;6;2;2;3;1;5;-10;-1;15;18;17;0;-1;-13;-7;2;14;19;7;0;-3;-23;8;-1;10;-13;-21;-6;-1;16;0;-3;-26;1;22;5;2;-1;4
-4;-2;-8;1;7;0;-1;-1;10;-3;-49;-29;2;1;1;9;0;4;41;31;-2;-1;1;0;-9;-2;-5;-10;-12;-3;-2;-8;6;-5;-6;-12;13;1;3;12;-6;5;20;8;-9;-5;-3;-11;0;-2;-16;3;7;0;0;-5;2;-2;7;-2;-12;-2;-1;6;4
-3;1;-3;-16;4;4;0;0;1;-1;10;-12;-18;-6;-3;1;-14;-5;-15;-7;10;1;-2;-35;16;2;7;15;-5;-2;4;40;-1;0;10;-10;-14;-5;-3;-2;-11;-2;-14;-11;16;1;0;-21;10;0;5;0;-19;-8;-4;13;-4;-4;5;-1;16;2;1;3;4
0;-2;-15;7;-1;0;1;10;1;-4;9;-1;1;2;0;2;-3;3;-1;-10;-2;-6;-2;10;-9;-3;8;16;-4;-1;-3;-23;1;2;-11;-15;1;-3;-2;-4;4;-2;-15;24;19;-1;2;7;-1;5;48;15;-19;-3;-2;-5;-10;-3;-21;3;24;5;-4;-9;4
0;-3;-2;21;22;9;1;7;-13;-2;1;1;-13;-7;-4;-17;17;4;13;21;4;-5;-1;27;-2;-1;-28;-7;11;3;0;1;-2;2;18;-22;-4;1;0;-5;-3;-1;-1;-7;14;0;-5;-6;-14;-4;-12;-6;-25;0;-1;-23;10;0;11;-5;-2;-4;-3;17;4
-1;-2;-5;-12;7;5;0;-3;3;0;-6;6;3;0;0;-11;5;-2;-26;-35;-7;-3;-2;22;-3;2;53;43;18;4;-1;-2;-1;2;24;42;5;-5;-5;0;-21;-5;-30;-67;-27;-3;0;-25;16;-1;11;9;15;1;0;16;-2;-2;-23;-27;-17;-4;-1;-2;4
-7;0;20;30;-4;-3;-5;-10;2;-3;-14;-24;-4;-6;-3;3;-7;-2;-1;-17;-3;-3;-3;-10;5;-4;-37;-14;1;3;1;-3;-1;0;20;37;8;-2;-2;10;4;-1;-17;-2;-5;2;-2;0;-7;2;9;9;10;-2;-4;-7;2;-1;-3;-14;-27;-3;-3;-9;4
3;-5;-46;-42;-5;2;4;9;0;-2;13;-10;-1;-6;-7;-5;-3;0;1;7;8;1;1;-5;-2;-3;15;25;7;2;-1;0;-12;-1;-14;-60;-13;-5;-3;-10;9;-4;-27;-1;-1;1;-3;14;-4;-1;11;-15;-3;-2;0;-6;-3;-6;-27;-4;7;-3;1;4;4
-2;-4;-11;2;-8;-3;-2;-1;-3;-4;-4;-18;0;1;1;2;-10;-1;-7;9;4;3;1;-18;6;-3;-10;-18;-15;-6;-2;5;1;-1;6;26;12;2;0;3;2;1;-13;-36;-16;-2;1;5;-3;-6;-12;0;19;1;-2;0;-13;0;9;5;-20;-6;-4;-26;4
-1;1;24;33;11;-3;-3;-11;5;-2;-20;11;9;2;3;16;1;-2;11;1;-4;-4;-2;-8;2;1;0;12;0;1;-1;6;1;0;-11;-16;0;-1;-2;-3;-7;-3;-3;-20;-3;-2;-3;-8;1;1;15;15;-2;-6;-4;0;-2;-1;-4;-10;8;3;1;1;4
-5;-2;-1;27;-13;0;-1;-11;-5;-1;-9;-13;11;-4;-3;-13;10;-2;2;3;3;5;4;25;2;-1;-22;-15;-34;-4;0;-2;1;0;27;16;5;2;2;0;-1;-3;-6;-9;-5;-3;-4;1;-6;0;-6;-3;2;0;-2;-15;1;-4;-9;-1;12;1;1;6;4
-14;1;42;-7;-2;-6;-5;-16;13;0;-5;10;1;0;-1;13;0;2;3;11;14;1;0;-6;0;-1;-11;-9;-32;-10;-2;1;-11;-1;-8;-7;0;1;-2;-15;8;-3;-6;0;7;-3;-2;9;4;1;22;23;3;3;5;12;1;-1;-3;-21;4;1;-1;2;4
2;1;-2;-10;-4;-2;3;5;-7;0;-2;6;3;0;0;-16;-1;-2;-13;-22;-3;-4;-3;6;-3;-1;6;19;8;3;0;-6;4;-3;-11;7;12;4;1;4;-7;1;-9;-30;-31;-7;-1;-1;-3;0;22;3;-3;-2;-1;-7;0;-3;-14;-3;6;-1;-2;-6;4
1;-3;19;14;-1;-1;0;-5;3;1;2;12;-2;-4;0;12;-4;-5;-19;6;-4;-3;-3;-5;0;1;-10;-40;-7;3;-1;1;-13;-1;-3;4;-8;-5;-3;-18;11;0;6;6;9;0;0;4;0;-3;4;8;4;0;1;8;-7;-5;-17;-5;-9;-2;-1;-18;4
-2;-5;-2;3;3;2;1;1;-6;0;22;14;-1;-6;-3;-9;1;-2;-19;-26;6;2;2;0;-6;1;9;33;-22;-10;-5;-5;6;-1;25;-10;8;-1;-2;2;-2;-2;-13;-13;-8;2;-1;0;0;0;14;2;-10;-7;-3;3;-6;-4;-27;-34;-4;5;2;-6;4
0;0;-6;4;10;-1;-3;3;5;-2;-12;-34;-17;-6;-6;8;2;-1;4;-10;-8;1;0;-3;-5;0;6;21;21;2;-1;3;-3;-6;-13;-10;-1;-5;-1;-3;-10;-1;-18;16;12;2;-2;-16;12;-2;-9;-23;-5;-1;-1;20;-6;-3;23;25;7;-1;-1;-6;4
7;-3;-14;10;20;2;-1;-10;5;4;13;-8;-33;-3;-1;14;-2;-3;-10;19;4;-1;1;-6;-2;-3;-5;-30;-21;-5;-3;0;-7;-1;-7;-22;-3;-3;-1;-12;2;-2;2;28;8;2;0;3;-4;-7;-25;-42;-9;-5;-3;-4;-10;4;31;36;1;0;-2;-11;4
-11;-2;10;19;-1;-1;-4;-17;10;-2;-9;-24;14;0;-2;4;-1;0;4;-5;6;0;0;12;-3;-1;1;1;-18;-3;-1;-6;1;-6;-26;-23;8;1;0;5;-7;2;14;46;10;2;0;-10;-7;0;13;8;-10;-5;-3;-3;6;0;3;2;2;-1;-3;-18;4
-2;-1;-18;6;9;3;-1;4;-5;-1;8;-3;-13;-5;-3;-10;-7;-4;-7;-24;-5;-2;-1;-19;3;-3;-10;-7;9;3;3;24;-3;2;23;15;-5;-3;-1;-12;-2;0;7;1;6;-3;-2;-7;3;0;-7;1;-9;-5;-2;11;-9;-5;-9;-5;1;0;-4;-33;4
-3;-5;-11;-15;17;5;-1;-6;6;2;12;6;-25;-8;-4;0;-11;-4;-9;2;-1;0;-1;-7;-3;-1;7;8;5;-1;-2;-18;-3;1;4;-18;5;-6;-4;0;0;0;9;12;5;0;2;13;-3;-2;-1;-13;-24;-6;-6;-13;-2;0;-9;0;-9;-2;-3;-5;4
-2;-2;-11;-14;-2;-1;-1;-4;0;0;-2;13;0;-1;-1;-10;-5;-1;-7;-2;-4;-4;-2;-6;5;-1;3;8;24;5;1;7;-5;-4;-4;-18;-18;0;-1;-5;4;-1;-22;1;1;-5;-2;7;1;4;33;2;-1;0;-1;-21;4;-4;-14;-6;2;-2;0;31;4
-3;-1;4;9;10;1;0;-5;2;-4;-12;-2;1;-2;-3;7;-8;-1;4;0;3;0;-4;0;-5;-2;1;5;-7;-6;-5;-25;-1;-2;2;0;-7;-1;1;0;5;-4;-11;-13;9;-1;0;-4;-6;2;22;24;5;0;1;9;-8;-4;-6;-10;-17;0;-4;-14;4
-9;-6;-9;-7;4;1;-1;-26;4;1;20;24;7;-1;0;-3;4;-1;-7;-21;-15;-4;0;8;4;1;7;13;20;2;-1;20;-5;-1;-5;-14;-17;-6;-4;-12;-4;0;-4;-3;3;2;-1;2;-7;-4;-6;-8;3;0;-1;-16;2;-2;7;5;15;2;0;1;4
-6;0;6;-8;-4;4;1;-11;6;0;-1;-22;-17;-5;0;28;0;2;-8;10;5;-2;-2;-1;-1;-2;1;2;10;1;-2;-5;-2;-2;-11;1;-1;2;1;-2;-13;-4;8;9;-4;-6;-3;-23;10;-6;-10;-16;0;1;1;14;-5;-3;-1;-12;-2;-2;-2;-6;4
3;2;0;-4;8;-1;-3;7;-12;-3;5;6;6;-1;-3;-22;9;2;18;32;-2;-1;2;21;-10;1;6;-30;-6;-1;-3;-10;13;-2;-18;1;16;0;0;-1;-1;-2;-25;-25;-12;-2;-1;18;-9;0;23;25;0;-1;-2;-20;0;0;2;6;-6;-3;-1;2;4
-4;-4;-1;-27;-10;-3;-3;4;-6;-4;-10;0;-7;-4;-1;-13;-4;3;8;-3;0;0;0;-2;-9;0;2;3;-2;-5;-6;-6;9;-6;-15;7;7;2;0;8;-2;3;10;19;7;2;0;-8;-2;-1;-1;-14;-1;-1;-2;-1;-3;0;1;2;-26;-5;-2;-10;4
14;-1;-12;-11;-15;-5;-1;27;0;0;-1;-8;4;0;-1;2;-1;0;-8;-8;6;1;0;-7;-3;-4;-11;16;-4;-2;-3;1;-6;-2;-2;3;-3;3;-2;-13;-2;-3;3;-26;-1;-4;-2;3;1;0;-8;1;-4;0;0;1;2;-2;2;10;8;0;-1;-3;4
-1;0;14;2;1;-1;0;-3;-8;-2;-18;-6;1;0;-1;-13;8;0;10;-6;-6;-3;-2;13;-1;-2;7;26;7;2;-1;0;-3;-1;-16;-23;-13;-4;-1;-7;-1;3;3;16;2;-1;-2;4;-5;-2;13;12;2;0;0;-4;-1;-1;10;-13;-3;-3;-3;-28;4
-10;0;14;-9;-3;-3;-3;-21;6;-4;-19;-4;25;4;1;22;-11;-2;0;-11;-41;-5;-2;-26;14;2;4;-10;-14;-5;-2;26;-2;0;1;17;14;0;1;-3;-8;-3;1;-5;-4;-1;-1;-10;1;-4;-6;-2;13;-1;-3;2;-5;-3;-15;-18;-7;-1;-2;-1;4
-1;-4;-12;-19;-4;-4;-2;0;4;-1;-5;6;3;5;2;6;-10;-2;-8;-20;-2;-4;-3;-11;-6;2;18;25;18;0;-2;-5;10;-3;-15;-35;-34;-7;-1;1;0;2;7;2;0;0;0;2;-2;-3;-9;14;-3;2;-2;-6;1;0;-3;-2;-2;0;1;7;4
-1;-1;-9;8;7;-2;-2;-11;1;0;1;-22;-6;0;1;0;-4;-2;-3;-14;4;0;-1;5;-5;0;8;-10;-12;-5;-5;-12;-4;-6;-19;2;8;2;-2;-10;-1;0;4;7;10;4;1;8;1;1;10;-1;-20;-3;-2;-9;-3;-2;-17;-10;3;1;0;3;4
0;-1;0;5;-12;0;0;0;-4;-1;8;0;-11;-3;0;4;-1;-3;-18;-14;-5;-1;-2;-1;-11;1;16;16;-2;-2;-2;-25;14;1;6;5;3;1;1;29;-1;-1;-16;1;20;4;0;5;-1;-2;0;-17;-23;-6;-5;-20;5;1;1;-1;-9;0;2;29;4
-5;-1;-3;-2;-12;-4;-4;-5;-4;1;2;2;0;-1;-1;-11;3;-2;-6;6;8;3;1;1;-6;1;4;-10;-16;-4;-2;2;-6;-3;-9;-4;12;0;1;-12;-5;-2;1;6;-5;-1;-1;3;12;0;-12;8;-5;-1;0;2;-3;0;-5;-24;4;-1;-1;-4;4
-4;-3;-2;-17;-17;-4;-3;-12;-2;-5;5;13;23;5;1;5;7;0;-13;-25;-34;-9;-5;-5;-2;0;19;19;4;-1;-1;-8;8;-2;-14;-9;-13;-2;-1;18;-1;0;0;-16;3;1;-1;-9;-4;-1;12;17;9;0;-1;-5;-2;-1;7;22;2;1;1;13;4
-2;1;3;13;-7;-5;-1;12;-2;-5;-32;-15;0;1;-2;-7;-2;2;47;34;12;-1;-3;10;-8;-1;-4;-9;-8;-4;-5;-21;0;1;-7;8;1;-1;1;4;3;-1;-14;-31;0;-1;-2;-1;-4;-3;-11;8;7;0;1;2;-3;-1;5;-1;-10;0;-1;-8;4
9;-2;-5;6;12;1;1;22;-8;-4;-22;0;-27;-3;-3;-16;-11;1;19;1;5;2;0;1;9;-3;-5;-29;-3;-5;-2;4;-5;-1;-9;-25;1;-1;-3;-2;-6;-3;-10;5;13;2;-1;-7;-6;1;-2;7;-10;0;-2;-10;9;-1;1;-1;-8;-5;1;15;4
8;-2;-16;-17;7;-3;1;21;-10;-5;-30;-4;-4;0;1;-14;1;3;44;14;-2;-2;-1;-1;-6;1;19;12;-15;-5;-3;3;8;0;-7;-4;3;1;-2;-1;-17;-3;-18;-18;7;0;-2;-27;14;2;7;1;-6;-3;-1;25;1;-1;-20;-10;8;-3;-4;1;4
-1;-4;-20;-1;1;0;-1;-3;-2;2;9;-2;-10;-6;-4;-3;-2;-2;-8;-7;5;1;0;5;-8;-1;-5;-1;3;-2;-1;-23;3;3;28;33;13;5;0;20;5;-3;-12;-23;-20;-6;-2;11;-1;-3;-3;1;10;0;-2;-3;-2;0;-5;6;-11;0;-1;2;4
-5;-4;-7;-8;-20;-3;0;-12;-8;-4;-20;-2;9;1;-3;-14;3;2;21;28;-2;2;1;15;2;-4;-13;-18;1;-4;-2;2;-2;-4;-9;-10;0;-2;0;-7;1;-2;-7;-2;-3;-2;-1;5;-8;-1;-3;-2;3;-2;-5;-21;1;0;20;19;-6;1;0;8;4
-2;-3;-11;12;5;-1;-2;-7;-6;-1;21;-5;-19;-2;2;-1;-7;-4;-11;-1;5;-2;-2;-17;-8;-2;3;3;-3;-1;-2;-1;12;-2;-6;-8;-15;-4;0;14;-3;0;-3;1;13;2;-4;-17;-7;-2;5;10;-4;-3;-2;3;6;0;0;-21;-4;2;2;1;4
9;-5;-26;-10;1;-2;-2;17;0;2;22;5;-2;0;-1;-7;-8;-1;-3;-6;4;-2;0;-7;8;-1;-9;3;3;0;1;1;-5;1;8;8;-11;-4;0;5;-4;-2;5;11;-3;-6;-5;-5;2;-1;7;2;6;0;-2;8;-17;-5;-19;-29;-10;-3;-4;-27;4
-3;-2;6;-14;4;-3;-1;-2;1;-2;-12;-3;-16;-1;1;14;0;-2;-4;-11;-5;1;-2;3;-3;-3;9;25;14;-1;-4;1;-1;0;2;-10;-12;-3;-1;-1;-20;-3;-14;1;5;1;-4;-28;15;-3;8;-8;5;-1;-3;23;2;0;-6;9;1;1;1;2;4
-1;-1;4;3;1;1;-2;8;0;-2;-4;8;4;-2;-1;-7;-4;-1;15;-9;-19;-4;-1;7;-13;1;2;-1;-2;-2;-4;-21;2;-4;-14;-6;3;-5;-2;2;2;-1;8;5;2;-1;-2;5;-4;-2;-1;-13;-5;-2;-2;-9;4;1;-1;7;10;1;0;17;4
-6;0;13;8;-5;-2;0;-12;-11;-3;-12;1;3;1;-2;-7;14;1;-36;-19;-5;-4;-3;20;-2;0;-10;8;-3;-2;-3;-7;-3;0;-12;-11;-8;-3;2;-1;1;1;-7;5;13;3;3;5;-4;-4;-9;10;2;-3;-2;-7;-12;-1;-4;-21;-11;-3;-3;-17;4
-6;0;0;-16;-9;-3;-4;-11;-5;-4;-15;14;17;3;0;-6;3;0;22;2;-16;-1;0;7;-2;0;7;15;-2;-4;-3;-9;0;-4;-10;9;16;2;-1;-6;0;-1;3;-32;-23;-7;-3;2;1;-1;-24;3;3;-1;1;-4;-16;-4;1;-5;8;-4;-4;-13;4
-21;-4;-30;-4;4;-2;-2;-24;17;2;45;23;-3;0;0;10;4;1;-1;-14;-12;-4;-2;9;-5;-4;-8;-6;1;1;0;-4;0;0;-1;-12;-12;-2;0;0;-3;-4;-12;-14;10;-3;-2;-8;-1;-1;1;8;16;3;2;2;4;1;5;-1;-11;-2;0;3;4
1;3;14;9;-6;-4;-3;-9;0;1;6;17;12;3;0;9;2;-1;-7;-3;-8;-2;-2;-1;-3;-4;-5;7;6;3;-1;-14;2;0;1;-3;-3;-2;0;17;-4;-3;-10;-2;-1;0;-2;-11;0;-3;-8;-9;2;-5;-3;3;-10;-4;-7;15;-1;2;-3;-8;4
-8;-4;-33;-13;-10;-4;-2;2;7;1;27;20;7;-2;-3;4;1;-5;-19;-10;-10;0;-1;-1;-3;-2;21;0;-1;-6;-3;3;-8;-2;-9;-17;-20;-3;-1;-9;-2;-3;-4;-2;3;0;-3;-15;-6;0;3;-2;-1;0;-1;-1;8;-1;-9;12;1;-2;-1;11;4
0;1;15;11;17;-3;-5;2;-6;-2;-5;-6;-15;-1;1;-7;-2;-1;7;-4;-32;-8;-6;-13;-9;-2;-19;-2;-3;0;0;4;17;0;12;0;4;-2;-3;8;-5;2;17;34;13;4;2;-6;-2;-1;-15;-25;1;-2;-2;-4;6;-1;-1;11;-1;1;2;17;4
2;-2;-7;-1;-7;-4;0;3;-4;-5;-2;-13;-6;-3;-3;-4;-12;0;1;6;-1;1;-1;-9;7;-4;-8;-12;16;-1;-3;8;4;-4;-15;-6;-7;0;-2;4;-5;2;-1;-12;-1;2;-1;-2;8;0;19;-1;11;0;0;13;-5;-3;-4;9;-4;-1;-2;-14;4
4;-2;1;-4;-1;0;0;-1;0;0;-4;19;6;0;1;3;2;0;5;3;6;0;-2;5;-19;-3;-3;-8;-23;-3;-4;-12;6;-2;-2;6;14;-1;-3;-1;-4;-1;12;-3;-10;-3;-1;1;10;-1;-11;-5;5;1;-1;2;-3;0;-3;-10;-14;-4;-1;1;4
4;2;8;11;8;0;-1;1;-5;0;1;-14;-16;-4;-4;-14;0;-2;-9;13;6;-2;0;-3;6;-2;12;0;3;-1;0;5;-12;0;-8;-7;1;-3;-3;-14;-6;-6;-8;15;11;2;-1;-1;8;0;0;-13;-3;-3;-4;-3;-1;0;2;-1;-5;0;0;7;4
12;1;2;-12;-20;-6;1;4;-15;-4;-4;16;13;0;1;1;11;-1;-7;-19;-8;0;0;4;4;-1;-21;13;8;1;0;12;-11;-3;17;0;2;-7;-5;-12;1;0;21;23;-11;0;-1;1;-6;-3;-23;-21;-6;-3;-1;-15;-3;1;8;-5;-6;-2;-2;-7;4
-2;-1;-1;-19;11;1;-1;-24;4;0;-5;1;-5;1;1;17;-3;-2;-10;-8;-5;-2;-3;-3;3;0;5;8;10;-1;0;2;-6;-2;1;-10;-8;-4;-1;-1;-9;-1;-20;13;8;2;0;-15;10;0;-1;8;-4;1;0;8;-5;-2;-9;-17;-9;-2;-2;-2;4
3;-3;6;-5;-1;-1;-3;17;-2;-4;-11;-21;-8;-1;-1;7;-2;-4;-14;-7;2;1;-2;-16;0;2;17;32;-5;-4;0;2;-4;-1;2;0;-4;-2;-2;-12;0;-2;0;0;3;3;3;11;-6;-3;0;-7;-5;-5;-6;-25;6;1;3;16;17;3;0;4;4
1;-2;30;32;8;-4;-3;-7;1;0;19;11;6;0;-1;8;-1;-3;-11;-3;1;-2;-2;-22;12;0;-15;-22;-23;-3;4;44;-7;-3;-2;7;3;-1;-2;-12;-3;-3;2;17;10;2;-2;-3;-5;0;-3;-11;-15;-5;-2;0;-3;1;10;10;-3;-1;-3;-18;4
-5;-1;1;-8;5;1;0;-7;8;-1;-5;7;5;2;-2;0;-1;-3;-24;1;10;2;-3;6;-11;0;18;3;-12;-4;-5;-18;11;-3;-24;3;-11;-3;0;15;-11;3;24;-18;9;-3;-4;-5;-7;-7;-13;-3;-14;-5;-4;-19;11;-4;-18;-31;2;-2;-1;26;4
3;0;19;12;1;1;1;23;-4;-2;4;-19;-17;-3;-1;1;1;2;0;16;12;0;-2;3;-7;-1;10;8;0;-2;-2;-13;-6;-2;-8;-29;-25;-4;-1;-12;1;-3;6;19;-1;-2;1;0;1;1;-3;-3;7;1;2;0;-4;-1;-7;10;-4;4;4;4;4
-1;0;-2;-11;4;-1;-2;-2;3;-1;9;-2;-9;0;0;17;0;1;-9;-31;-7;-4;-1;-4;-6;-1;-11;-6;-6;-2;-2;-3;-2;-1;-19;11;-1;-3;-3;-19;-2;6;40;27;1;0;2;11;-2;-4;-29;-20;-8;0;0;-15;0;-1;-19;-23;-3;-1;1;17;4
-1;-1;5;29;-3;3;3;4;2;-4;-19;-43;-6;-2;-3;-4;-2;-1;16;8;6;-1;-3;1;-8;0;-10;1;3;0;0;-10;4;0;21;3;-11;-3;-2;-11;-2;-2;-15;-18;10;-2;0;9;8;-5;-22;-22;-11;-4;0;5;-1;3;12;10;-2;-2;-2;4;4
-2;-1;-16;-21;1;-1;0;3;-1;2;12;18;-1;-1;-3;-5;-2;-7;-12;-2;-14;-6;-2;-3;-7;-4;-4;-5;5;0;-3;-14;-1;-1;-4;-6;-8;-3;-1;2;1;-2;2;22;14;0;-2;1;-12;3;5;-8;-9;-2;-1;-21;11;1;-1;17;14;2;1;12;4
-2;0;21;-24;-25;-7;-3;5;-10;-2;-1;-5;4;-1;-3;-14;2;0;4;14;7;-1;-1;0;1;-2;-3;-11;-12;-3;-2;-9;4;-1;-13;4;10;-1;3;26;-6;1;13;9;-2;1;-3;-16;9;2;5;0;5;-1;-1;25;-8;1;3;-8;-1;-1;2;-7;4
-5;0;27;23;-5;-4;-4;-11;2;0;-1;1;3;-1;-2;3;-3;0;5;-11;7;3;0;-8;-1;-4;5;15;-7;-4;-1;1;0;0;-15;5;2;-1;0;-5;-3;-1;0;-17;-4;0;-1;-4;0;-3;2;-15;-3;-4;-2;0;-7;-3;-7;-3;12;3;-2;-23;4
3;-2;-9;2;5;3;1;4;6;-2;-13;15;-3;-2;0;7;-5;3;16;-3;0;1;-2;-6;-3;-3;-3;-2;-5;-3;-5;-9;-6;-1;1;-2;-9;-4;-3;-15;17;-1;-20;-11;1;2;3;40;-3;-1;12;-12;-14;-8;-2;1;4;1;13;8;19;4;1;3;4
-4;-1;5;3;-9;-4;-2;-7;-4;-3;-7;-2;15;4;-1;-8;0;0;21;27;-5;-2;-3;-3;-5;-2;-27;-51;-17;-6;-3;-6;14;-1;-7;22;13;-1;0;4;-7;2;3;-4;12;1;-1;-2;7;0;-10;-8;-30;-2;2;14;-2;-3;-8;-17;-17;-6;-2;-1;4
2;2;10;-6;6;0;0;10;2;4;23;31;-6;-1;3;3;-1;-5;-18;-37;7;3;0;3;-6;-4;-29;0;5;-2;-2;-8;-5;0;33;5;-10;-3;-3;-10;2;-4;1;5;7;-2;-3;5;-1;-2;-6;5;6;1;-4;-8;-7;-3;-15;-14;20;2;2;-4;4
-5;-1;8;26;-4;-3;-3;-14;6;-3;-8;-14;6;2;3;19;-9;0;1;8;-7;-3;1;0;8;-4;-17;0;-2;-1;-1;-1;-6;1;5;-5;8;0;-1;-5;-1;-3;4;-5;-8;0;-4;-11;8;0;0;14;13;3;3;15;-9;-2;-5;-14;-20;-7;-4;-18;4
0;-5;-34;-63;-22;-7;-3;1;3;0;10;14;4;0;2;9;1;-1;3;-1;-1;-2;0;6;-6;-2;-3;-6;2;-1;-2;-9;-2;-4;-7;1;-3;1;-1;-5;-13;0;-10;-2;9;1;0;-19;15;1;27;14;-4;0;1;16;-1;0;-7;11;-1;2;-1;9;4
-8;-2;3;9;0;1;-2;-13;-4;-3;-7;0;-11;-6;-3;-4;-5;-1;28;15;5;1;0;-10;5;-1;-10;-15;-5;-1;1;3;3;3;-8;-11;-5;-4;1;16;4;-3;-21;-11;6;1;0;-4;-4;3;53;29;-4;-4;-4;4;-1;-2;-4;7;9;4;0;-5;4
9;-4;-6;-3;-1;1;2;12;5;-2;-7;4;0;-1;-1;4;-7;-4;-2;-14;0;-1;-1;-6;0;-1;-4;0;6;2;0;7;-7;1;0;-10;6;1;-2;-18;1;-1;-11;1;-3;-2;-3;-6;5;0;13;27;10;1;3;14;-6;0;5;-25;-17;-5;-3;-15;4
-20;-2;3;-3;7;1;-2;-29;19;-4;-38;0;9;4;2;35;-3;6;17;-12;-29;-8;-5;-14;5;-1;0;14;-9;-4;-2;-5;-1;-1;-7;4;1;0;-1;17;-4;-2;4;1;8;0;-2;-4;-4;0;-7;8;-1;-1;-1;-10;-4;-3;2;-9;-2;0;-1;-2;4
-2;-4;-12;-10;-23;-6;-5;5;-7;2;11;-15;-4;-6;-5;-14;-2;-2;4;22;12;2;-1;-6;-1;-2;-9;-9;-20;-5;-1;3;-4;1;13;20;14;4;0;-5;-2;-4;-7;-20;-20;-2;-3;-1;-3;-1;-13;9;19;1;1;-3;1;1;15;-6;-17;-6;-2;1;4
0;-1;7;18;-2;-1;0;-1;-3;-2;-6;14;16;3;0;1;4;0;-4;-24;-25;-3;1;2;1;-2;-8;5;0;0;-1;4;-4;-1;-9;-12;3;-1;-3;-4;-5;1;9;4;-1;-2;-3;-7;-4;-2;-11;7;9;2;-1;-19;16;1;13;8;6;-1;2;28;4
1;-3;-4;-4;6;1;-1;-2;-2;0;-1;-9;1;-3;-3;-1;-3;1;9;11;-13;-1;-2;-8;1;-4;-17;-11;14;0;-1;5;5;0;7;-2;-10;-3;0;5;-5;-4;-14;-5;2;2;1;-2;-3;3;1;-7;8;-1;-4;-16;4;0;4;-1;-17;-2;2;19;4
-1;-1;0;12;7;0;-2;-7;-5;-1;-8;-20;-4;2;0;-1;0;0;1;3;-14;-4;1;0;-1;0;-2;-14;1;1;0;4;-2;-3;-10;2;11;3;-1;-2;-4;0;-1;0;-12;-5;-3;-4;0;0;14;1;-2;-4;-2;2;-1;-2;-2;10;3;2;-2;2;4
0;1;53;9;-17;-6;-2;6;-10;-3;-21;-27;9;0;-4;-22;-2;-2;1;12;3;-2;-1;3;3;1;0;9;-3;2;2;-1;-9;-3;-16;-8;10;-4;-5;-9;11;-1;-10;-6;-4;-1;-2;4;-2;-2;0;-2;-1;1;-1;0;0;-1;-8;-27;-17;-5;-1;3;4
2;-4;-34;-41;-3;1;-2;-1;0;-1;19;23;4;-1;-1;3;-4;-3;-6;-16;2;1;-2;-8;0;-1;23;30;8;-3;-1;1;-1;-3;-16;-5;2;-1;0;-2;-1;1;-14;-15;3;1;0;1;-4;-3;15;11;3;-4;-3;-4;0;-4;-22;-18;-21;-2;0;0;4
5;-2;-17;-34;-5;-3;-4;-14;4;1;-6;12;-2;1;2;19;-4;-1;5;12;0;0;-1;-4;0;-3;-11;-12;3;-5;-1;1;-11;-1;4;-5;7;-1;-2;-16;8;-3;4;22;-6;-1;1;12;1;-2;-11;-30;-3;-3;-1;0;-1;1;8;24;1;-1;0;-16;4
-1;2;-2;-4;5;1;1;-1;-2;1;0;22;15;-1;-2;-7;1;0;7;-1;-19;-8;-3;0;-2;-5;-15;-16;3;1;-1;1;-1;-3;-17;-15;1;-1;-1;-1;-1;3;23;26;-2;-1;-1;-5;-1;-3;-10;17;8;5;0;0;-1;-2;-15;-7;16;-2;-2;-2;4
-1;1;13;-16;1;-2;-3;0;1;0;3;10;13;3;-2;-3;-2;-3;-14;-9;-2;-1;-1;0;-4;3;32;16;7;-1;-1;-2;-2;-3;-10;4;5;1;-3;-6;2;-2;-4;7;20;4;0;1;-2;1;5;-20;-31;-8;-3;0;-1;-4;-11;10;25;5;0;-2;4
-3;-5;13;21;18;0;-2;-2;1;3;-5;-32;-5;-1;-1;1;-3;-2;12;-15;-7;-6;-4;-4;-1;-3;-21;-2;-8;-1;0;-2;0;-3;-14;7;16;2;-1;-2;-1;0;26;28;0;-2;-3;0;-1;1;-1;-16;-12;-7;-1;-1;-1;-3;-15;-3;7;1;-1;0;4
-1;2;14;16;-2;-1;-3;-2;-1;-1;-9;-7;-4;-1;-1;0;-1;2;14;14;-13;-3;-2;0;-1;-2;-12;-3;10;2;0;1;-2;-2;-5;-15;6;-3;-2;-1;-1;-2;9;0;-3;0;0;0;0;-4;2;8;10;-2;-4;-3;1;0;8;8;0;1;-1;-3;4
-3;2;2;2;-7;-2;-2;-2;-1;-2;-9;-4;7;0;-1;1;1;2;19;9;-2;-1;0;-1;-1;-6;-19;-13;-14;-2;-2;-3;-1;1;14;-4;-13;-1;-2;-1;1;-1;-5;12;12;-2;0;-1;0;2;5;-31;-2;-1;-1;-1;-4;-5;-10;17;-4;-3;-2;-2;4
