0;-1;0;24;4;2;-2;-1;0;1;-4;-21;1;2;1;1;-2;-3;9;3;-12;-8;-3;-3;-1;-2;9;4;-3;1;1;0;1;2;-14;-9;-10;0;0;1;-1;0;1;3;3;-4;-2;-2;0;0;5;44;24;14;4;-1;-3;-5;0;-7;-5;-1;-4;-2;2
-4;-1;27;13;5;1;2;-32;-6;-5;-8;-23;-11;-5;-5;32;2;2;-1;-2;2;0;2;-16;2;3;1;-5;-5;-4;1;10;1;-5;-22;0;7;2;3;32;-2;0;7;2;-1;-1;-1;-25;-3;-1;26;16;-5;-6;-5;-5;-1;-1;-10;-4;-3;9;0;-12;2
-2;0;0;11;-3;-3;-2;2;-2;-4;-12;-31;-4;1;4;3;-3;-4;-11;-8;-12;-5;-5;-1;-1;0;2;-8;3;2;0;-5;-1;-1;15;32;6;-2;-3;4;-2;-4;-14;-48;-12;-5;-2;-2;-1;-2;-1;3;-1;-1;0;-22;3;1;-21;-7;-5;-1;0;19;2
-2;0;24;25;-1;-1;0;6;-2;0;1;-11;9;1;-1;-8;-1;-1;7;-6;7;2;-1;1;-3;-3;1;15;8;1;-1;-18;-1;-1;-25;-11;1;1;-2;22;-1;0;25;28;0;-1;7;-4;-1;1;-8;-16;-1;-4;-4;-4;0;0;16;13;1;-2;-2;3;2
-3;-2;-8;-9;-10;-7;0;-2;-2;0;7;-1;9;7;-1;-5;-1;-1;-22;-4;3;-1;2;6;5;2;7;14;-6;-6;-1;19;-3;-3;-2;-17;-8;-2;-4;-15;-1;0;-1;2;-4;-3;-1;4;-1;-4;-8;-5;-2;-3;-2;-8;-2;0;10;0;4;1;-3;-5;2
-2;1;10;14;2;2;-2;1;2;0;-8;-11;1;-3;4;0;2;-1;-17;-10;-5;-5;-1;-2;-1;-1;-10;-34;1;0;-2;-3;-2;-1;32;49;4;0;-2;-2;0;0;-2;-20;-11;-5;-5;1;-1;-4;-2;5;3;2;1;-2;-4;1;-4;4;-8;-7;-3;-4;2
-3;-1;2;8;3;-4;-5;0;0;0;-4;-18;-4;-3;1;0;0;0;4;-1;4;2;-3;2;-2;-5;-11;-22;-11;-4;-4;-8;1;1;2;16;4;1;3;7;-4;-5;-23;-12;-3;0;-1;-6;-1;1;42;36;4;-1;-2;7;0;-1;-16;-22;-5;-1;1;-3;2
-1;-2;-7;-2;-9;-5;0;-6;1;2;1;11;3;1;-1;5;-2;-1;-7;-5;-4;-2;-2;-10;-2;-2;7;1;7;3;-1;-7;-3;-4;-17;-27;-1;0;1;3;-1;2;28;28;-5;-4;-4;-9;1;-1;-11;-10;1;2;3;10;0;-1;-11;-21;-8;1;-1;-6;2
-3;-3;11;12;-1;2;-3;3;4;3;30;17;7;1;2;16;-2;-4;-20;-20;1;-1;-2;-7;1;0;8;-4;-7;-4;-4;5;-1;-2;-2;3;2;-2;-3;-13;-3;-4;-3;17;2;3;-2;-3;-3;-3;-1;1;-11;-7;-5;6;0;0;12;31;10;1;3;-7;2
0;1;0;-5;4;3;-1;-3;-1;-1;-11;-9;2;-3;-2;0;-1;-1;-4;6;-5;0;0;-4;-1;-1;8;-4;1;2;1;13;-4;-2;1;-13;-3;-2;-2;-6;-2;-1;-4;13;-1;-1;0;-5;0;0;-12;-12;-5;0;0;4;-1;2;-1;-22;0;-3;-3;-17;2
2;0;11;14;-4;-3;-2;-3;0;1;3;-22;0;3;-1;0;-3;-1;12;22;-8;-6;-3;-2;-4;-2;0;-5;7;1;-1;3;-2;-2;-11;-32;-17;-5;0;-3;-1;0;-7;16;6;-1;-2;-4;-1;0;1;-4;-11;-6;0;1;-2;0;7;3;3;-2;-6;-27;2
-1;-1;29;21;7;0;-2;-5;-2;-3;-3;2;-3;-4;-3;-3;0;2;-5;6;-7;-5;-2;-2;0;-2;20;8;10;7;0;6;-1;-4;-24;-33;-14;-1;2;-3;-2;-2;-8;-12;5;0;-2;-26;-3;0;11;32;5;-1;1;31;1;-1;1;-1;-17;-4;1;3;2
-2;-5;-28;2;5;-3;-2;-5;1;-1;7;-16;3;3;2;5;-4;-2;9;24;1;-6;-5;-5;-2;-7;-33;-37;-9;-1;1;-3;-2;0;15;13;5;0;-2;-1;-2;0;6;15;-1;-1;-1;2;-1;-1;-8;-10;-11;-2;-2;-7;-2;-2;-8;14;17;0;-3;4;2
-1;1;5;-10;-7;-1;2;7;-2;-3;-14;4;5;-1;-1;-5;3;1;-6;-7;8;2;-1;2;-2;-3;-2;11;-8;-3;-4;-20;0;-1;-1;-34;-7;-2;0;33;0;-1;10;28;0;2;5;-6;0;-1;-7;-26;2;2;0;-6;-2;-2;-8;11;-1;-4;-3;1;2
-2;-3;-10;-22;2;0;-4;-7;-2;-2;6;34;1;-3;-4;-1;0;-2;-3;-17;0;3;4;-2;-3;-4;-50;-15;-6;-3;-1;-21;0;1;67;27;5;-2;-3;29;-3;-2;-11;26;-1;1;4;-11;0;2;17;13;-1;-3;-4;4;-2;-6;-34;-56;-9;-1;0;0;2
-2;-6;-1;-7;-3;-1;1;-3;-3;-2;-12;-6;-6;-3;-3;-15;-1;-3;-3;-29;-4;-1;0;1;-1;2;1;54;2;-1;0;11;2;-1;-7;-27;2;1;1;-7;-3;-3;-8;-14;5;-1;-3;-3;-1;-2;-7;3;4;2;1;3;0;0;18;25;-5;-3;0;-5;2
-2;-2;-2;10;-2;-4;1;-2;-1;1;2;-22;4;3;1;-3;0;-1;-8;-28;-9;-2;-2;1;-3;0;16;8;6;0;-1;2;-1;-2;3;1;-3;-2;-2;-2;-1;-5;-15;19;-5;-3;0;0;-1;0;18;9;4;0;-1;2;0;-1;-25;-55;-11;2;2;1;2
-1;-3;-33;-30;0;3;2;1;-1;1;36;33;4;2;0;-2;-5;-10;-22;-17;-11;-6;-4;-5;2;3;-9;-29;-10;-2;0;2;-3;-1;-5;-13;-2;1;-1;-3;-1;-3;-16;36;11;2;-1;-1;21;3;28;-1;-2;0;-1;-2;-21;-7;-13;-20;-11;-3;-1;-2;2
0;4;22;15;3;2;1;1;5;-6;22;32;2;-7;-7;-5;-12;-5;-33;-33;-14;-1;3;0;9;0;4;-6;-2;-3;-3;1;-3;-1;-16;-11;4;3;1;0;0;1;2;32;2;-2;-1;-1;10;3;25;29;-3;-4;-4;-5;-20;-1;-10;29;-3;-2;1;2;2
-26;-4;-11;-32;-6;-2;-1;-4;0;1;-6;-16;-6;-2;-1;-1;-5;-4;17;4;4;-1;-1;-1;-2;1;-14;-8;-2;3;0;1;15;2;11;23;-7;-2;-1;0;-6;-4;-10;-13;0;-1;-2;-3;0;-4;-16;9;-2;-2;-2;-1;-4;1;4;0;1;-3;0;-1;2
8;4;9;-11;9;4;0;0;-4;-2;6;7;-7;-4;-4;-4;3;-1;7;-5;-4;-3;0;-1;-7;-3;7;33;-2;-2;-1;-2;1;-2;-7;-28;6;0;0;0;4;-1;-16;-26;-2;3;0;2;-8;-6;2;6;1;-6;-6;-5;3;0;7;25;-4;-3;-1;-1;2
24;1;0;-10;-9;-1;-1;-1;-26;-3;6;10;5;-2;-2;-3;2;-3;-4;-6;-5;-2;-3;-2;1;-1;-16;-34;-4;0;-3;-1;-5;-2;24;44;-1;-4;0;-1;16;1;-5;-24;-5;0;-1;-1;-25;0;3;20;-5;-1;0;-1;-2;-3;-15;-11;-3;-1;-1;-3;2
-4;-1;-3;25;1;0;0;-1;2;-1;4;20;-3;-2;-1;0;1;2;5;-20;-10;-4;-2;-2;-3;-5;-3;9;4;4;-2;-1;-4;-1;-5;-32;-7;-4;-2;-2;-1;-3;-12;-13;-3;-1;-2;0;2;1;6;42;11;4;-1;-1;-3;-2;3;-11;-1;-4;-2;-3;2
6;1;7;28;12;-1;-3;-2;-5;0;-17;-9;1;-2;-3;0;5;1;25;9;-6;0;1;-1;-7;1;1;19;2;0;2;0;4;-3;-3;-26;-10;-3;-1;-1;-1;-2;-2;20;10;-1;-1;-1;-5;-3;-3;3;5;2;-2;-2;-3;-5;-6;6;3;0;-1;-2;2
3;-1;-13;-15;1;-3;-1;-1;-3;-3;-2;-14;0;1;0;1;0;-2;-3;-33;-9;-4;-2;0;-1;0;13;14;-3;-1;0;1;0;-5;-8;6;-3;-3;-2;0;0;0;-7;9;3;2;2;1;1;1;-24;-23;1;0;0;-2;-5;-1;38;9;-6;-4;-2;-6;2
-1;-2;-11;-25;-2;2;1;-1;1;0;8;2;2;1;1;-2;-7;-2;14;29;0;-3;-3;-3;15;3;-13;-58;-7;-3;-1;0;-32;-11;3;32;6;1;1;-2;3;0;-10;-17;-4;-3;0;-1;-9;-5;-20;-2;-3;-2;-3;-1;1;-3;16;-17;-4;-1;-1;-3;2
3;0;-14;23;4;0;-2;0;-1;3;16;29;10;3;0;1;-2;-5;-22;-44;-15;-7;-2;-3;0;-3;10;2;4;-2;-2;-1;2;0;-14;-7;-2;-1;-1;0;-6;-2;7;23;-1;-1;-3;-3;7;1;4;-5;2;-1;-1;1;0;-1;-15;-18;-2;2;3;2;2
3;1;9;-15;2;1;1;-2;-3;-1;-3;-17;-9;-6;-3;-1;-1;2;4;11;1;1;-1;-1;-1;-2;0;-1;2;2;-1;0;0;-1;-13;-37;-10;-3;-1;-2;2;-4;-8;1;-3;-3;-1;-3;-5;0;16;29;5;0;-1;-2;-3;1;-3;1;2;0;0;1;2
-3;-3;-12;8;-3;-4;-2;-2;-1;-5;-2;-1;-2;-1;-1;-3;4;2;10;-41;-8;-2;-2;1;-8;-5;-11;47;-2;-5;-4;-2;1;0;2;-6;-2;-2;-2;-2;1;1;-2;-22;-7;-2;0;2;-3;-3;1;-6;-11;-5;-2;-2;-1;-2;-6;-2;3;-2;-2;-4;2
5;3;-2;-3;4;1;0;-1;-6;-3;4;18;-1;-4;-3;-2;6;-1;-9;4;-2;2;0;-2;-10;-6;-31;-40;-3;-3;-2;-2;4;-1;36;46;-3;-2;0;-2;-2;-5;-33;-30;-2;0;-4;-1;4;2;27;24;4;2;2;-1;-1;0;-3;0;4;0;-1;-3;2
0;-1;-18;-1;1;3;0;2;1;-4;4;-8;-1;1;1;-2;27;-1;-16;0;-5;-4;-3;-2;-33;-4;18;-1;-3;-2;-1;0;3;0;-8;9;6;-1;0;-4;-6;-1;-16;-39;-8;-2;0;-2;1;-2;16;38;4;2;1;1;8;-1;-3;-4;-4;-3;-4;-2;2
1;2;-11;-9;-7;-3;0;-2;-4;0;16;-14;-1;2;-1;1;-1;-5;-19;-28;-9;-4;-2;0;-3;0;-21;-5;-1;0;0;0;5;1;22;20;-2;-3;-3;-2;-10;1;-2;-30;-7;-4;-3;-4;-4;-4;-19;3;5;-2;-1;-2;11;2;4;0;-8;0;1;1;2
2;0;17;9;10;1;-2;-2;-8;-1;6;-10;-6;-1;1;0;8;3;-3;15;-4;-3;-2;-1;-20;-9;1;-5;-4;-1;0;-2;-8;-2;-2;-20;2;2;-1;-3;3;-1;-20;3;-5;-5;-2;-1;9;-2;13;29;8;2;0;-1;-14;0;5;3;-1;-1;-1;-1;2
-4;0;6;19;12;1;-1;-1;7;2;-26;-29;-10;0;0;-2;-4;-3;5;3;2;1;1;-1;-3;-2;5;4;2;-2;1;-1;-6;-2;2;6;1;0;-1;-1;1;-3;-4;-11;-5;-5;-1;-4;4;0;-2;-3;-4;-1;1;1;-5;0;8;38;3;0;0;-1;2
-2;1;-25;-32;1;1;-1;0;7;-1;28;23;-7;-2;-1;-2;-6;-1;-1;16;2;-2;0;-2;-4;-3;2;-5;-2;-2;-2;-1;2;3;0;-7;-4;-2;-2;1;-3;-5;-20;-24;-7;-3;-1;-1;-4;-3;-11;-8;3;0;1;0;-3;-5;8;15;-4;-5;-5;-2;2
7;1;-3;-47;-3;0;2;-1;2;0;1;56;9;1;1;0;0;0;5;-19;-2;0;-3;0;-4;-3;-8;-8;1;-1;-3;-1;10;1;-13;24;6;-2;-3;-2;-5;5;16;-12;-3;1;0;-2;3;1;2;-3;-3;0;0;0;-7;-1;-13;-18;2;1;0;-1;2
-13;-5;-13;-15;-4;-3;-3;-3;1;-4;3;-3;-2;-2;0;-2;0;-2;-10;28;5;1;0;2;2;0;-7;-25;-3;0;1;-1;-6;-1;13;33;1;-3;-2;-2;0;-5;3;5;4;2;-2;0;5;2;-9;-8;-6;-4;0;-1;4;-2;-2;-8;4;3;4;1;2
-3;-1;2;1;4;1;-1;0;2;-3;-23;-22;0;0;-2;-2;6;1;1;-12;1;-4;-2;-3;-22;-5;23;31;9;2;0;-2;-1;-3;-2;-39;-9;-1;0;0;-4;-4;-2;34;5;-1;-1;0;5;6;-32;-9;-1;2;2;0;4;2;36;13;2;-1;-1;-1;2
-2;0;-18;-20;-5;0;1;2;3;4;15;-5;2;1;-2;-1;-5;-7;2;20;-12;-7;-6;-3;2;-1;6;15;2;0;-2;0;1;1;-20;7;7;1;0;-2;-2;-1;20;-2;-5;-1;-2;-2;-4;-2;-17;-25;-2;-2;-1;1;3;7;3;-3;0;-3;-4;-2;2
-5;-3;-10;-34;-2;-1;-2;-2;-5;-1;-13;20;4;1;1;1;8;-1;28;-8;-7;-4;0;-1;-5;-1;14;1;1;-3;-3;-3;2;-2;4;30;0;-3;-2;-2;-21;-9;-3;-3;-5;-1;-2;-3;4;0;-18;-8;-2;1;0;1;-12;-3;-6;-30;-6;-2;-2;-3;2
3;-1;-17;-59;-10;-2;0;0;-11;-5;-10;25;7;0;-3;-2;8;0;3;-17;5;1;0;-2;31;3;8;31;5;2;1;2;-53;-11;-6;-14;-5;-2;-1;-5;-8;-1;12;7;0;0;1;-2;6;2;-2;12;3;-2;-2;-4;-1;-3;-7;-3;0;-2;-2;0;2
2;-2;1;24;3;0;-2;-3;1;3;19;-13;-7;-6;-3;0;2;-6;-15;-37;-1;3;1;0;2;-1;0;19;5;2;0;-1;-4;2;-15;31;4;-2;-3;-3;-3;-1;15;-11;-2;1;1;2;4;-4;-1;-12;-5;-2;-2;-3;-4;10;3;7;2;0;-2;0;2
-13;-10;-10;-28;-5;-3;-4;-1;-5;0;-9;-14;3;2;0;0;0;-2;2;-9;-1;-2;-1;-1;11;5;9;-2;1;0;0;1;-2;-1;-9;36;3;-3;-2;0;-4;-1;17;9;-1;-1;1;-1;1;-2;-13;-40;-7;0;-2;-2;10;1;-8;-43;-3;-1;1;2;2
-6;-4;4;28;8;-1;-1;-1;6;-1;8;10;1;-2;-2;-1;1;-1;-4;-3;0;-3;-2;-1;-6;-1;-2;-18;-1;0;0;-1;4;2;-19;-47;-4;-2;-2;0;-4;-1;36;63;-1;-2;-1;-3;-2;-1;0;-4;-7;-3;-4;-1;0;-3;-3;8;2;-1;-1;1;2
-7;-2;12;51;-4;-2;-2;-2;-1;0;-20;-14;-2;-1;0;-2;-3;-1;26;9;-3;0;0;-1;-3;-1;5;25;-5;-1;0;0;0;-2;-27;-20;-4;-1;-1;-2;-3;-2;-4;-32;-9;-3;-2;-1;12;1;5;36;6;1;0;0;-21;-9;6;10;-4;-4;-1;-3;2
2;0;-24;-41;-5;-4;-4;-1;-10;-1;18;-3;-5;0;-1;-1;-5;-3;-6;-9;-4;0;-1;-2;6;-3;-20;-15;-2;-1;0;-2;-9;-1;17;41;10;0;-2;-2;9;-1;-19;-26;0;-1;-3;-2;-6;0;5;-4;-4;-4;-2;-2;1;-1;-16;-4;9;5;1;-1;2
-1;-2;-3;13;-4;-4;-1;-1;21;2;-16;-6;7;4;0;-1;-25;-3;26;28;-1;-4;-3;-1;5;0;-3;-18;-1;-2;-2;-1;-3;-2;-15;-24;-6;-1;-2;-2;4;2;1;10;5;2;1;2;4;-1;1;16;-3;-2;0;-2;0;-1;-14;-24;-4;-4;-4;1;2
2;-2;-1;-14;1;0;-1;-2;-1;-2;-17;-2;-4;-3;-2;-2;-3;0;20;-10;-5;-3;-2;-2;-1;-7;-17;-10;-5;-2;-2;-2;-1;1;4;23;4;-1;-1;-1;-2;-4;15;-4;-6;1;-1;0;-3;-1;1;13;-1;-3;-1;-2;0;2;-4;-11;3;1;3;0;2
-3;1;-12;-16;-1;0;-1;1;2;1;-2;-25;3;2;0;-4;-2;-4;1;28;-5;-5;-2;0;-4;2;-11;-12;-1;-1;-2;-1;1;0;7;7;3;1;-1;-3;0;-2;-7;-12;-7;-5;-3;1;-4;1;-4;-6;-1;-2;-1;3;-3;-3;-30;13;4;0;-3;-7;2
-4;-2;-6;-14;2;4;0;-2;0;2;27;58;8;0;1;-1;9;-2;-19;-80;-12;-1;-2;0;-2;-2;2;49;4;0;1;-27;-1;-1;4;-10;-1;-4;-2;30;-7;-5;-25;1;-3;-2;-2;-4;7;0;25;21;0;-1;1;-4;-4;-3;-10;-32;-9;-3;-2;1;2
-3;-2;-7;-13;2;-1;-2;-4;3;-1;-6;8;1;2;-4;-1;1;3;-4;-6;0;0;-1;1;-9;-6;9;-8;-1;0;-2;3;4;2;-19;5;2;2;1;-5;-8;-1;13;-6;-8;-1;-2;-1;10;-2;-28;-24;0;-1;0;-1;1;-1;-11;4;2;0;-4;-2;2
-1;-3;0;-2;-4;-4;0;-2;-3;-2;-5;-10;1;0;-1;-2;-2;-1;10;35;4;-4;-1;0;-1;-2;-4;-9;-10;-3;-3;-10;-1;-4;-20;9;0;-1;0;25;-3;-1;-3;-21;-2;1;2;-10;3;2;32;42;5;-1;-1;4;-3;-1;-4;2;-4;-2;-3;-7;2
-2;-1;14;17;-1;-1;-1;-3;0;-1;-3;-13;4;1;2;4;-4;0;1;-9;-2;-3;-3;-7;0;1;1;29;-2;-2;-1;4;-2;-1;-14;-46;-4;1;-1;0;1;0;32;28;-1;-1;-1;-2;-6;-9;-15;7;-1;-8;-8;-6;-4;-3;-7;29;-1;0;-1;0;2
2;-2;-8;9;3;-1;-4;-3;-8;-1;12;-22;-9;-4;-2;-1;5;1;-7;-4;1;-1;-1;0;-1;2;3;-2;-4;-3;-1;-3;1;0;-1;8;3;3;1;-1;-2;-4;-13;-36;-3;-2;0;-1;0;-3;16;21;5;-2;-4;-3;5;-2;-5;-28;-16;0;-1;-1;2
0;-3;22;29;-2;0;0;0;-3;-1;-16;-28;4;-1;-2;0;1;2;14;-4;-4;-2;3;-1;-13;-7;-12;1;3;2;2;-1;2;1;-3;-15;-7;-2;-3;0;-9;-4;-5;0;3;-4;-6;-4;7;-5;-13;11;-1;0;-1;-1;5;4;38;7;3;0;-2;-2;2
-6;-5;1;-32;-10;-7;-4;-7;-4;0;8;49;-2;-1;-2;-9;-2;-4;-7;-18;-4;-4;-4;4;-1;0;-5;18;8;-1;-2;-6;1;0;-13;-24;2;-1;-2;1;-1;0;11;-20;-5;-1;3;-5;2;-1;-20;-4;-4;-2;1;7;-5;-1;30;33;-3;-4;-4;-6;2
-1;-2;-6;-6;-3;-3;-2;-1;-1;-3;-23;-29;-2;0;0;-3;1;2;18;9;2;-1;3;3;0;0;-2;2;0;-2;-2;-2;-1;-2;4;17;1;-1;-1;0;-2;-1;-2;12;4;0;1;-2;-1;-1;-3;-33;-8;-2;0;-1;3;1;-3;21;2;-2;-4;-1;2
-13;-7;-19;-4;-3;-1;1;0;0;1;13;-5;-2;0;1;-1;-2;0;11;1;-1;-1;0;-1;6;1;3;6;-6;-5;-3;-2;3;-1;-6;3;4;-1;-3;-3;-4;-2;13;-13;-4;-3;1;1;1;-4;-15;6;-4;-1;0;-1;-3;-2;2;11;8;3;1;-1;2
0;-1;-21;17;2;-2;-2;-1;-1;-3;16;-10;-6;-3;-2;0;-3;-2;-13;-23;-6;-3;-1;-1;1;1;3;11;1;0;1;0;-3;-1;-4;-33;-7;-1;-2;0;-2;1;-23;-4;-4;-3;-3;-2;1;0;20;46;9;-2;-1;-1;3;-1;5;-2;-6;-5;-3;-3;2
-4;2;-1;-8;4;-2;-2;-1;5;1;8;16;3;4;2;1;0;-4;-12;-25;-7;-2;0;1;1;2;11;14;2;0;-2;0;-5;-3;-15;13;-3;-4;0;-3;0;1;-4;-24;-6;-4;1;-2;-2;-5;9;20;1;-1;-2;-2;-1;-3;-10;-27;-8;-2;-2;0;2
-4;-1;18;58;7;1;0;-1;1;0;-22;-13;-6;-1;1;0;-9;-3;11;-11;-3;-1;-3;-3;0;-1;-6;7;5;1;-1;0;5;3;14;1;0;-1;0;1;-3;-2;1;-8;-2;-5;-4;-2;-5;1;-2;-9;-2;-1;1;0;2;-3;-13;-16;-9;-4;-3;-3;2
1;-2;20;38;-4;-2;-1;0;-3;-1;0;0;2;1;1;0;-3;-3;-2;-16;-10;-5;-2;-3;-1;-1;2;34;3;1;1;-3;-2;-4;-13;-6;1;0;-1;-2;-2;0;-3;-3;1;0;-1;-1;21;1;11;11;-2;-1;-2;-2;-34;-7;-10;-28;-10;-2;-2;0;2
0;2;-9;-7;6;3;3;1;3;1;24;21;4;0;-2;-1;-9;0;-8;-5;-4;-1;-1;-1;6;-3;-3;-2;-10;-4;-2;-1;3;2;-4;2;4;0;-1;0;0;2;-3;-8;-3;1;1;0;-20;-7;3;16;2;0;-1;0;6;-2;0;4;0;0;-2;1;2
-3;-2;-3;-11;-5;1;1;-1;0;-1;-7;-8;-4;-3;-3;-3;1;1;-2;14;5;3;1;-1;-13;-3;-8;-19;-2;-3;-2;-3;14;-1;-1;5;-2;1;1;3;-3;0;-7;-15;-2;-3;-2;-2;-1;2;7;-3;0;-1;-1;-1;-1;-4;-4;-12;-4;0;1;-2;2
-2;3;23;5;-3;0;1;2;1;-3;-6;8;-1;0;-3;-3;6;-2;-10;-19;-5;-3;-2;-2;-16;-7;-5;-29;-6;-2;-2;-1;-1;-1;-3;21;-1;-2;0;-2;-16;1;9;3;0;1;-1;-2;14;0;-6;10;5;1;-1;1;-2;-2;-5;5;-2;-1;-2;0;2
5;2;16;20;-2;-1;0;-2;-3;-2;-7;-13;-1;-1;-3;1;-3;-1;5;11;0;-3;-3;-1;-7;-2;-35;-22;-2;-1;-1;-1;2;2;12;-11;3;3;1;1;-1;2;26;42;2;0;-1;-1;21;0;-4;-3;-1;1;1;0;-31;-4;11;10;1;-3;-5;-3;2
1;-3;-21;-16;0;1;0;-2;1;-3;7;-5;-3;-2;-2;-3;0;-1;-10;-18;-2;0;1;0;-2;-1;-15;4;4;0;-1;-2;-1;-1;28;23;-5;-4;-1;-2;2;-2;-11;-8;1;-6;-3;-2;-3;0;-20;-20;0;-1;0;-2;-8;-5;17;34;7;-3;-2;-3;2
4;1;4;22;-1;-1;-3;-3;-4;-6;-15;18;4;0;1;-2;1;-1;19;-7;1;1;-1;-2;-2;-1;-5;20;0;-1;0;1;-4;-4;-4;-11;6;-1;-2;-3;2;1;-5;-21;-8;-2;-3;-2;3;1;-1;-2;3;3;-1;1;-5;-4;2;-1;-2;-4;-3;-3;2
-7;-2;5;-6;-5;-2;0;-1;5;1;6;-2;-3;-1;-2;2;-2;2;-8;-5;4;1;0;-2;0;-3;9;23;1;-3;-2;-2;-7;-4;-4;22;6;3;-1;0;0;-1;7;-24;-7;-4;-4;-3;7;2;15;46;-2;-2;-3;-4;-18;-11;-12;-38;-4;2;0;3;2
2;-2;-2;-14;0;3;1;1;1;0;-16;-28;-7;-1;1;0;-5;-1;25;40;4;0;-2;-2;-4;-6;-24;-22;-1;-2;-2;-3;-3;-4;-10;-9;-2;-3;-3;-2;-1;3;11;25;0;-3;-3;-1;1;-3;-18;-37;-9;-3;-3;0;-2;5;-3;18;-2;-3;0;-2;2
1;-2;-13;-8;-2;-2;0;0;4;1;2;3;2;0;0;0;-5;-1;7;3;-6;-3;-1;1;0;-1;-6;-19;1;-3;-4;-1;0;-1;4;24;1;2;1;-1;-2;-3;5;-5;0;-1;-2;-1;17;1;-28;-15;-2;-1;1;-1;-28;-5;1;-25;-7;-1;-1;-1;2
7;-5;-7;-4;-4;-1;-1;-1;-5;7;6;-3;-6;0;0;-1;-8;-1;10;21;4;-1;-1;-3;7;0;-5;-19;-4;-3;1;-1;-8;-7;-11;-36;-6;-3;-5;-4;-2;-3;-1;3;0;0;0;0;-2;-4;-1;19;10;1;0;-1;11;2;-6;8;-1;0;0;-1;2
-5;-2;7;5;3;1;-1;-2;-2;-4;-23;-19;-5;-2;-2;0;8;1;23;26;4;1;-1;-1;0;1;6;-12;1;-2;-1;-2;15;-1;-16;5;-12;-4;-3;0;-34;-12;-4;23;3;-1;-2;-3;11;5;4;3;-1;1;2;1;-5;-4;12;1;2;-1;-3;-1;2
-3;0;-10;-3;-2;-3;-3;-3;-2;-2;-2;-1;1;0;-1;0;-6;-3;-7;-3;-4;-2;-2;0;5;0;-6;22;-2;0;0;0;4;2;18;-28;-5;-3;-3;-2;-4;-2;-7;-6;1;0;-2;-1;-3;1;7;4;0;-2;-1;-1;2;-2;-6;-2;-2;-1;-2;-2;2
7;-1;-4;16;-1;0;1;-1;-10;-4;-14;-31;-3;-1;1;0;6;2;16;11;4;-1;-1;2;-4;-3;-10;1;-4;-3;-1;-1;-6;0;12;-14;1;0;1;-1;1;-1;-1;19;1;2;-1;0;3;-3;-13;2;-5;-2;-1;-1;-6;-3;2;4;1;-3;-4;-4;2
-1;0;-7;-18;-1;0;-1;-3;4;2;-8;-2;6;1;0;2;-5;-2;12;-6;-7;-2;-3;-1;3;0;-21;-7;5;0;-1;1;-4;-1;20;31;-2;-2;-2;-2;-17;-4;-16;-12;0;-1;-2;-5;4;-2;-14;4;5;-1;0;-1;-4;-1;26;-4;-2;0;0;-2;2
-1;-4;-7;-2;-3;-3;0;-2;22;2;5;15;-1;-5;-3;-3;-30;-10;-5;9;2;-1;-2;-1;2;1;-3;-1;1;1;1;1;-5;-1;3;14;0;-2;-2;-1;2;1;6;-21;-10;1;1;1;9;1;13;18;2;0;-2;-2;-2;1;-15;-4;3;1;0;-2;2
-5;-4;7;53;8;1;-2;-1;-4;-4;-26;-34;-4;-1;-3;-1;18;3;3;-39;-5;-1;-1;-2;-23;-3;-11;29;7;2;0;-2;-1;2;27;12;-4;-2;-1;1;1;-2;-11;-2;5;-1;-2;-1;-2;-2;-5;-9;3;0;0;-1;8;-1;-3;-3;-5;-4;-1;-3;2
-5;0;22;23;2;-1;-1;1;7;3;-1;-4;-3;-3;-2;-1;-7;-2;-8;-31;-9;0;1;-3;-10;-5;-4;29;3;0;-1;-1;1;-1;8;-12;-2;-2;1;-2;-13;2;11;-7;4;-1;-2;-2;14;-2;3;15;3;-1;-1;0;4;1;4;26;0;-1;-2;0;2
0;-1;-21;-14;9;1;0;-1;-5;-4;-2;-16;-12;-4;-1;-1;20;2;9;2;0;-1;0;0;-32;-9;-9;4;-1;-1;-1;-2;1;2;5;2;-1;0;0;-1;1;-1;-3;9;5;2;-1;0;-2;-1;11;5;1;-3;-3;0;7;3;-5;-7;-6;-2;-2;0;2
1;-2;2;-15;-9;-4;-2;-1;-3;-3;0;2;0;-1;0;-3;-8;-6;-12;-37;-7;-1;-1;1;3;0;-21;-12;-5;-2;-1;2;-2;-1;19;47;3;-4;-4;-3;-2;-4;-3;-6;-1;0;0;-2;0;1;-15;-12;-2;0;-1;-1;19;-1;-3;-26;1;1;0;0;2
4;-1;-22;-34;2;3;0;-1;-18;-1;18;3;-2;-3;-2;-3;16;1;5;7;-5;-2;-4;0;-4;-6;-3;-3;-5;-2;-2;-1;-1;-3;-15;-35;-9;-2;0;-2;3;3;4;32;2;-1;-1;1;-12;-2;10;-6;3;1;0;-4;-5;-1;-12;6;-10;-6;-2;0;2
-5;-4;-16;-6;-4;-4;-1;-2;-1;2;24;17;12;3;1;0;-2;-3;-14;-37;-14;-6;-1;-2;1;-1;-20;28;6;0;-1;-2;-1;0;30;-25;-8;-1;-2;-2;-3;0;-1;31;6;-3;-3;-1;2;0;-9;-8;-1;0;1;-1;2;-3;-7;-39;-15;-2;-2;-1;2
3;0;9;-10;-2;-2;-2;-2;5;0;-28;-9;-4;-2;1;-1;-5;0;11;16;-2;-1;0;0;-4;-2;10;10;-5;-3;1;-2;-3;-2;-14;-16;-4;0;-2;0;4;3;18;21;2;0;-1;0;2;-3;-18;-6;-2;-2;-2;-1;-12;-3;-1;-14;1;-1;-3;-2;2
-4;-2;-6;-18;-2;-1;0;-2;-1;0;2;16;0;0;0;-2;-1;0;-1;-12;-1;-3;1;0;-1;-1;-1;-2;-11;-3;-4;-3;-1;-1;5;5;0;1;1;-1;1;1;4;-13;2;-1;-2;-2;-1;-3;-4;22;3;0;-1;-1;0;0;-15;7;5;1;1;-1;2
0;-3;-5;-11;-4;-1;-2;0;-10;-1;-17;-5;3;3;1;-2;8;-2;9;-8;-1;1;1;2;-3;0;12;15;3;-2;-2;-4;-2;-3;-3;-10;0;0;-1;-3;-5;2;-9;-15;-2;-2;0;-1;-8;-1;-5;46;10;0;-3;-5;1;-4;16;-40;-10;-2;-3;-1;2
-3;-1;4;-7;4;-1;0;-2;2;4;28;34;-1;-1;0;1;-1;-2;-3;2;-1;0;-1;0;-1;-2;-8;-8;0;-1;-2;0;2;-1;-2;-10;0;-1;0;-1;-5;-1;-16;-9;1;0;-1;1;0;0;4;-28;-5;-1;0;0;2;2;21;56;0;-1;-2;-1;2
19;2;-7;3;1;-1;-2;1;-31;-10;-17;-19;-2;0;-2;-1;1;-1;17;5;-4;-3;-2;-2;-3;-1;-16;-36;-5;-1;-2;-1;3;1;15;29;4;2;-1;-1;2;2;-1;5;-5;-1;0;-3;4;4;8;7;-3;-2;-1;-1;2;-4;-15;-29;-2;0;0;-2;2
1;-1;-17;-9;-6;-1;-1;1;16;0;11;2;5;-1;-3;-4;-33;-7;-1;5;2;0;-2;-3;10;-1;-13;-7;-8;-4;-3;-2;-7;-4;-25;-31;-6;-6;-4;-2;2;-1;25;3;3;1;-2;-3;10;0;-16;-13;1;-1;-2;0;-4;-2;19;18;0;-1;-2;-3;2
-3;2;24;37;1;-1;-2;-1;-5;-2;-14;-9;6;2;2;2;5;0;14;41;2;-4;-3;-4;-5;-6;-22;-29;-4;-2;-3;-2;4;-2;3;-9;0;-1;-1;-3;-7;0;-31;-3;-6;-2;1;-2;-3;0;25;-16;1;2;0;0;-2;-1;26;23;4;-3;-1;-2;2
-3;-1;-14;-14;-2;1;-1;-1;-5;-2;17;-24;-5;-2;-1;-1;2;-2;4;32;6;1;-1;-3;-2;-2;-10;4;-2;-2;-3;-1;-2;-3;-12;-15;-1;1;1;0;-1;-1;-32;-11;-1;0;-1;-1;-1;-1;54;25;-2;-5;-2;-3;0;-2;-19;-11;-1;-1;-1;-2;2
-3;-3;15;23;-4;-3;-2;-3;0;-1;-26;4;2;2;1;-1;2;1;18;-12;-5;-1;-1;0;-2;-3;-11;13;2;2;-1;-2;-2;5;17;-11;4;0;-2;1;-2;-4;8;8;-1;-2;-1;-2;0;-2;-27;-23;-5;-3;-2;-1;0;1;2;-1;5;2;2;1;2
1;-3;-4;0;0;1;-1;-3;-4;1;3;0;-1;-2;-2;0;0;-4;-4;-9;-1;-3;-3;-1;-5;-5;-27;-27;-5;-1;-1;0;2;1;15;2;0;-1;-1;-1;-1;0;8;20;6;3;1;0;-2;-1;-5;-14;1;-3;-5;-2;-3;-3;11;-14;-10;-2;-1;-2;2
-24;-9;-6;-1;-4;-3;-1;-1;0;-3;-8;-23;-1;0;0;-1;-6;-3;18;51;4;-3;-1;-3;1;-1;-13;-26;-6;1;-1;-2;4;1;1;-1;-3;-3;-2;-2;-1;-1;1;2;7;5;1;-2;-1;-3;-21;-35;-10;-4;-2;-2;-7;-1;21;21;-3;-5;-3;-1;2
-1;-2;3;4;-9;-7;-3;-4;-4;1;0;-10;1;2;-1;0;2;-8;-28;3;-1;-3;-3;-3;8;5;18;-9;-3;2;1;-2;1;-10;-11;0;-2;-3;-1;0;0;-1;22;0;-2;-3;-3;-4;2;0;6;7;-3;0;1;2;-20;-6;-45;-18;-7;0;-2;-4;2
-3;0;5;-8;-3;-3;-2;-4;-4;-9;-6;3;1;0;-2;-3;-1;1;4;7;1;1;0;-1;1;1;-6;-3;2;3;-2;3;-1;3;0;-5;-7;-4;-1;-2;-1;-3;-20;-22;-7;-3;-1;-2;2;-1;-2;9;1;-3;-6;-3;-9;-4;2;0;-3;1;0;-2;2
-2;-4;-11;-17;-7;-2;1;-1;-8;4;14;16;3;2;-1;0;-4;-9;-22;-4;-9;-2;-2;-3;0;-5;-7;-13;-2;-5;-1;-3;-2;0;21;5;3;0;1;-4;5;0;-6;-16;-2;-1;0;-1;-13;-5;-8;1;1;2;0;-1;-4;1;-5;7;-4;-2;-5;-2;2
-12;-4;-17;-2;1;-1;-3;-3;11;3;16;23;0;-4;-3;-2;-4;0;13;4;-1;-2;-1;0;0;-5;-16;-14;-5;1;0;1;-2;-1;6;-7;-2;-2;-1;0;-1;0;-9;-10;2;-1;-2;-2;2;1;-21;-18;-6;-3;0;-1;-9;0;43;60;12;3;-1;-2;2
-4;-2;21;-12;-7;-4;-4;-3;-3;-1;-9;-10;-4;-4;1;-3;1;-1;-17;2;-5;-3;-1;-1;-10;-2;1;-4;0;-4;-3;-1;16;4;4;-6;0;0;2;1;-23;-9;-11;-8;0;1;1;-1;6;-2;3;8;0;-3;-3;-2;0;-1;-12;-9;-1;2;-1;-1;2
0;-3;-1;12;5;0;-1;-1;-10;0;-16;-7;2;-2;-1;-1;16;0;9;4;-5;-2;-3;-1;-2;2;-6;0;4;2;-1;1;0;-5;-4;1;-5;-3;-3;0;-1;-3;-5;-15;-7;-3;-2;1;2;-2;-8;10;0;1;2;2;-2;0;4;2;-2;-1;-1;-4;2
-17;-3;0;-20;-6;2;-1;-1;16;2;-9;-14;0;-1;-2;-2;-23;-3;4;17;3;0;0;-3;4;0;8;6;1;-1;-3;-3;-7;-3;-34;-30;-3;-2;-4;-3;-2;-3;8;22;1;-2;-1;0;7;-1;7;2;0;2;1;-1;-7;-4;21;10;1;-3;1;-2;2
3;2;3;-12;-5;-4;-1;1;-4;-1;-3;16;3;2;1;-2;5;-3;6;-15;-6;-4;-1;-1;-3;-1;-11;2;1;-1;-3;-3;0;-1;1;5;0;0;-1;-1;7;4;6;-4;0;1;1;0;-18;-7;-3;2;-3;-3;-4;-5;15;-2;2;9;1;0;2;1;2
8;-2;15;5;0;-1;-1;-2;-2;-4;-15;-11;-2;-4;0;-2;0;-2;-6;6;1;1;2;0;-4;-7;-4;-20;-6;-2;-1;-2;4;2;17;17;3;0;-1;-2;-5;-6;-13;-27;-8;-2;-2;-1;0;1;-6;15;-2;-2;-3;-1;-3;-2;-5;-14;-5;-1;1;0;2
0;-3;15;1;-3;-5;-4;-2;0;0;-13;-15;-2;1;1;-1;-11;-1;-22;0;-4;-5;-1;-2;2;2;10;-3;-1;-1;-2;-2;-6;-5;-3;-1;-8;-3;-2;0;-8;2;12;1;2;-1;-3;-7;11;-2;-11;6;-2;1;-1;2;4;0;13;5;-1;-1;-1;-1;2
7;-2;-9;6;1;1;-4;0;-17;-2;1;2;-1;-1;-3;-5;13;-3;-6;-3;-1;2;1;1;-1;-1;-12;-4;1;-2;-2;-2;0;4;-9;-15;-3;1;3;-1;-2;-2;8;2;-8;-3;-2;1;-3;-3;9;0;-3;-1;-2;-3;5;-2;-3;5;-1;0;3;1;2
23;3;8;7;-4;-2;-2;-2;-31;-9;3;-2;-3;-2;-1;0;4;-2;-7;2;-5;-2;0;-2;-7;-2;-5;-10;2;-1;-3;-1;1;-1;2;2;-3;-1;-4;0;-6;2;1;-4;-1;1;1;0;19;7;5;15;3;0;0;-1;1;-1;-8;-4;-3;-5;-4;-1;2
-1;-1;8;-9;-4;-1;-1;-3;-13;-3;-24;-6;-1;0;-2;-2;11;0;10;-11;-3;-3;-2;0;20;1;2;3;5;1;3;1;-33;-4;6;0;-2;-2;-3;-2;-2;1;3;15;3;-2;-3;-2;-11;-2;-29;-16;0;2;0;-2;-8;1;1;3;-1;0;-4;-1;2
-5;-2;-14;-14;-5;-1;-1;-1;7;2;16;8;-1;-2;-2;-1;0;3;-4;-10;-8;-5;-2;-1;-13;-6;-7;-8;-2;0;-4;-6;13;0;-29;-20;-1;-3;1;0;-10;-1;11;11;1;0;-2;-4;1;-3;19;5;-1;-3;-4;-5;1;-1;0;-6;-2;-2;0;-1;2
-3;-2;4;8;6;2;2;1;5;3;-11;-15;-2;0;-1;-2;-6;-4;-7;-3;3;-2;-2;-2;-9;-1;-11;-8;-2;-2;-1;0;4;3;8;13;2;3;1;3;2;-1;-3;-1;0;-1;-2;-4;12;-1;-11;0;-4;-1;-1;-1;-30;-2;-6;-2;0;-1;-2;-3;2
5;-1;7;1;-4;1;0;-2;3;-1;1;2;9;2;0;0;-16;-3;3;12;3;-1;-2;-1;5;-2;-8;-8;-8;-3;-2;-3;-2;1;3;-9;-3;-2;-1;0;-6;-4;-15;-9;-8;0;1;0;-1;1;22;36;3;-1;-1;0;2;-2;-20;-23;-4;-1;-1;1;2
-5;1;17;44;0;-3;-3;-1;-6;2;0;2;4;3;1;0;8;-1;1;-2;-4;-3;-2;0;-11;-1;5;4;-1;-3;1;0;-3;1;-1;-20;0;3;-1;-1;-3;1;1;4;-6;-2;-1;-2;0;-4;-7;-1;-3;0;-3;-1;6;0;1;19;4;-2;-1;1;2
14;1;2;11;3;-3;-2;-1;-23;2;1;-1;0;1;2;-1;3;-1;5;13;0;-1;-1;0;-8;-6;-20;-23;-1;-2;-4;-1;2;-1;-10;-8;-1;-1;0;-1;3;1;22;8;-3;-2;3;0;-2;-3;-6;-18;-1;1;-3;-3;-9;-3;9;29;-2;-1;0;-1;2
9;-1;-10;-17;-2;1;0;2;5;2;43;11;-3;-4;-2;-4;-1;0;5;3;-4;2;1;1;0;1;4;-5;-2;-1;1;-2;-9;-2;-3;5;-2;0;0;-1;7;2;-20;0;1;1;-1;-1;-1;-3;5;0;1;-2;0;-1;-8;0;-7;-8;-3;-3;-4;-2;2
-15;0;-22;-7;0;0;5;3;-6;-1;38;4;-2;-4;-3;-6;-5;-9;-1;9;1;-3;-1;-3;0;0;-44;-22;-2;1;0;-3;19;-11;25;11;-5;-3;-2;5;-1;1;-5;-9;2;1;-1;-2;-9;-4;-12;9;3;-1;0;-1;5;0;8;-9;-1;-2;-3;1;2
1;4;21;12;-2;-3;-1;-2;6;3;9;6;6;2;3;2;-6;-5;-4;-2;-6;-4;-1;0;-3;-3;-10;0;3;1;0;-3;-2;-5;-9;-3;-4;-3;-3;-2;2;2;3;-15;-9;-4;-1;1;7;-4;-3;-2;-1;-2;-2;-5;-8;-4;-9;22;3;1;1;2;2
5;-3;-25;-3;2;3;-1;0;1;-3;-6;-23;-2;0;0;-1;-7;1;17;35;2;0;-2;-4;-4;-1;-11;-23;-7;-2;0;-3;4;0;-18;7;-1;-2;-1;-2;-4;3;53;1;-2;0;0;-2;-1;-2;-17;-9;-2;0;1;1;0;-2;14;6;1;0;-2;-2;2
-12;-2;-20;-5;-5;-2;-1;-3;10;-1;-2;-7;-3;-3;-2;0;0;0;1;-15;-9;-3;-1;-1;-1;-5;-27;10;7;1;1;0;-1;-3;10;-2;-3;-2;-2;-2;-5;0;12;6;-6;-4;0;1;11;5;-6;-9;9;5;0;-2;-14;-7;-9;-16;-3;0;-1;1;2
-1;0;35;24;1;-3;-3;-3;-5;-4;-21;-8;-3;-3;-2;-1;-4;0;9;-5;-1;4;0;1;-10;-2;-1;-4;-5;-3;-4;-2;28;2;-7;3;-1;1;0;4;-18;-2;-5;11;7;2;-3;-4;24;3;12;0;-6;-3;-1;1;-39;-7;-20;-16;-4;0;0;-2;2
-2;-2;9;7;-1;-3;-3;-2;0;-5;-24;-25;-8;-3;-1;-3;-2;-2;-5;9;8;4;1;0;12;0;7;-8;-1;-2;-2;0;-13;-5;-5;0;-4;-1;0;-3;-2;-3;1;4;3;1;2;3;-7;-4;-17;0;-7;-1;2;3;10;3;26;1;-1;1;0;1;2
-35;-9;-9;4;0;-4;-1;-4;-3;-1;-4;-2;0;-1;-2;-1;-1;-2;-18;-9;-4;-1;-2;-1;-3;1;3;2;0;0;-1;0;13;6;-17;-9;-5;-1;0;2;-2;-2;12;11;5;0;-2;-1;-3;1;5;-3;4;4;0;-1;-2;-3;3;0;0;-2;-1;-2;2
1;0;2;1;-1;-2;1;0;0;-1;-12;-10;2;2;1;-3;-7;-1;18;-15;-9;-3;0;-2;-2;1;-17;-9;0;-1;-2;-3;-2;-5;-26;-7;3;3;0;-1;4;3;46;16;4;-1;1;3;-17;1;-3;8;2;0;-2;-3;11;0;-3;8;1;-1;-1;-2;2
-1;-5;2;-5;1;-1;-2;-1;-5;-2;10;24;-4;-3;-2;-5;0;-2;-12;-6;0;2;-2;-1;-6;-2;-9;-12;-3;-3;-3;-4;2;1;-3;-2;0;-2;-2;-1;-3;-2;6;-6;-2;0;0;2;-2;-4;12;21;5;-1;-2;-2;0;-2;-10;-11;-6;-3;-2;-2;2
1;-2;9;-1;-2;-4;-1;-4;6;-1;-18;8;-4;-3;0;2;0;0;19;-9;2;3;1;-1;-6;-4;2;-7;-10;-3;-5;-5;0;0;3;-7;-1;-3;-3;-2;-5;-4;0;3;0;-5;-4;-1;5;3;-14;7;-4;0;-1;-2;-4;1;-7;8;4;1;0;-1;2
1;-1;5;-3;-2;-3;-3;0;-5;-1;2;-1;-1;-1;-2;-4;0;3;-10;-7;0;-2;-1;0;0;-5;-15;-6;0;0;1;3;3;3;17;15;4;4;1;0;-7;-3;-19;0;3;3;1;2;-2;-7;13;3;2;-1;-3;-4;0;5;-10;-5;-3;1;0;0;2
-1;-1;-12;-16;-4;0;1;-2;2;-1;-6;-3;7;0;-1;-1;-3;-5;-7;5;-6;-2;0;-3;4;1;16;12;1;-2;-5;0;-2;-1;-3;2;2;-1;0;-2;-2;0;-28;-9;-4;-2;1;0;3;-1;32;-29;-6;-1;1;-1;-6;-4;11;24;-1;-4;-3;-6;2
-4;-3;-6;-2;-4;-5;-3;-3;1;1;-18;5;0;1;1;-1;1;0;16;6;3;0;0;-1;-2;3;12;-6;-6;-1;-3;-4;-2;-1;-13;1;-1;-4;-3;-2;0;2;0;3;-1;0;-1;-1;-8;-4;-14;-20;-10;-4;-2;-4;7;-6;-13;-14;1;0;0;2;2
14;0;-12;-10;4;2;1;1;-5;0;9;6;-5;-4;0;-2;-3;-6;-19;-2;1;0;1;-1;3;1;-3;-6;-1;0;-1;0;-9;-2;3;6;-4;-3;-2;-2;2;1;-9;-9;0;0;-3;1;2;6;18;4;-3;-2;2;3;-4;-6;-18;-3;2;-2;-1;-4;2
-5;1;-10;-26;-4;-2;3;1;8;-1;3;51;12;4;2;1;-1;-5;-26;-14;-8;-5;-1;-2;-4;1;21;2;-1;-3;-2;-2;-4;-4;-2;-8;-2;-1;-1;-3;2;-1;-22;-13;1;-2;-1;-2;-2;2;29;-2;0;0;0;-1;-1;-3;-31;5;0;1;1;2;2
-4;1;2;13;1;-1;-2;-2;1;0;-19;-26;-4;2;0;1;-1;0;-8;-15;-1;-1;1;-1;2;-2;7;8;4;2;1;-2;-11;1;-9;-27;-6;-3;-2;-1;15;0;7;21;-1;1;1;3;-4;0;-32;1;0;-2;-2;0;3;-1;30;-5;-1;0;1;1;2
-2;-6;-10;-10;-11;-3;-1;-1;-1;-2;1;-12;-4;-3;-1;-2;-3;4;2;-11;-4;-3;-2;-3;-1;-3;-15;-1;-6;-6;-3;-3;0;0;1;14;4;0;-1;-1;0;4;40;11;-4;-5;-1;-2;-6;-10;-17;-12;-3;-3;-1;-2;2;-3;-24;-5;-3;2;-2;0;2
-5;-5;4;-1;-1;-1;-2;-3;1;-3;-18;4;2;-1;-1;-1;-7;-4;-13;-2;-2;0;0;-1;15;5;2;9;-3;-2;0;1;-3;-2;14;-13;-4;-1;1;-2;0;-3;-11;0;2;2;-1;-3;-11;-3;-13;-16;-7;-2;-3;-4;4;-3;14;11;-2;-2;1;0;2
-2;2;-1;-7;2;1;-1;0;-11;-1;-7;-4;-9;-3;-3;-3;19;-1;-7;1;-4;-3;1;2;-4;-1;5;-3;0;-1;-2;-3;-6;-3;4;9;1;-2;0;-5;4;3;-11;-15;-3;-2;-1;-1;-2;-3;-3;7;-1;-2;-2;0;-3;-7;-27;-12;-9;-5;-4;-3;2
-9;-8;-19;6;0;0;0;-2;0;-5;16;-6;-3;-2;-2;-1;-10;2;-3;-7;1;1;-2;-2;1;1;19;9;0;1;1;0;0;1;-8;5;-2;0;0;-2;-3;-4;-12;-4;-2;-2;-4;0;-5;-2;2;-1;-1;-2;0;-1;-6;-7;-14;-3;3;-1;-2;-4;2
-7;1;6;-6;-3;-3;-2;-3;8;-1;-4;-9;-3;-3;-2;-2;5;0;-5;9;3;3;0;1;2;-2;10;26;6;3;-1;1;3;-5;11;-5;-5;-1;-1;0;-4;-1;2;-1;-1;-3;-3;-3;0;-3;-18;-15;0;-4;-4;-1;-6;0;4;-3;-1;1;-2;-4;2
-13;-2;5;-3;-2;-3;-6;-8;12;2;-37;-2;3;4;3;3;-14;-3;38;-8;3;1;0;1;-1;3;10;30;2;-4;-1;-2;-4;-2;2;-13;1;-1;0;1;1;0;5;-1;-5;-3;-1;0;2;-4;-27;17;5;0;-1;-2;-6;-2;-11;-23;-3;2;1;0;2
-5;1;-2;-17;-6;-3;-2;0;5;-1;8;10;-2;-3;-1;-1;-6;-2;-28;-31;-3;2;0;0;3;0;10;6;1;-1;0;0;0;-3;-35;-16;-4;-1;2;1;0;-3;18;-5;-5;-1;-2;-3;-4;-1;10;7;-3;-3;-2;-1;-6;0;-3;10;0;1;-2;-2;2
7;2;4;4;-1;1;1;1;0;-3;-14;-4;-3;-1;-2;-3;-1;0;8;16;1;-4;-2;0;-7;-5;-4;0;2;1;0;-1;4;3;1;6;0;3;-1;-1;-1;0;-1;-1;0;0;-3;-2;3;0;0;-1;-2;-2;-1;0;-2;0;1;11;0;-2;-3;-3;2
3;-1;-4;2;1;2;1;1;-2;-1;4;1;-3;-2;-2;-1;-4;0;-2;2;3;2;-1;-1;-6;-4;-12;-12;-4;-4;-4;-6;8;6;21;35;0;-1;-1;-1;-2;-3;1;-12;-6;-2;-1;2;-5;-4;-7;-11;-1;2;2;-2;4;2;-10;-13;1;0;2;1;2
8;-5;8;6;-1;-4;-2;0;-2;3;-8;-26;-11;-3;-1;-3;-4;-3;-2;26;10;1;-4;-2;-4;3;3;12;2;1;-1;-1;3;-3;-3;-11;-6;-4;-2;-1;-3;-5;-36;-22;-2;1;-1;-1;4;1;32;-12;-13;-7;-3;-1;-6;2;-2;3;-2;-2;-2;-3;2
5;1;4;-1;-1;-1;0;-1;-4;-1;5;-6;-4;-3;-3;-2;0;-1;-2;4;1;0;3;1;10;-1;-3;5;0;0;0;-1;-13;-5;-15;-24;-2;1;-2;-2;-2;1;5;-19;-6;-4;-2;-1;-5;3;-9;16;3;-1;-2;-5;1;-2;9;16;1;0;-1;1;2
3;-2;-9;-18;0;-2;-2;1;7;1;7;14;0;-1;-1;0;-14;-6;-36;-14;1;-2;-2;-4;-6;-1;33;3;-3;-1;-4;-2;4;1;-1;2;-2;-4;-3;-3;-1;-2;-4;-1;-1;-3;-1;-1;7;-1;-13;-16;-2;-2;0;1;-1;0;-11;22;7;1;0;-1;2
-5;-3;-25;-3;4;4;1;0;5;1;3;2;5;3;1;-1;-9;-3;11;5;-8;-7;-5;-4;-3;-1;-24;-33;-2;1;2;-1;-2;4;10;35;2;-5;-2;-3;0;-3;14;-7;0;0;1;0;9;2;-3;10;-3;-5;-5;-2;-3;-3;3;-9;-4;-1;-2;-2;2
-5;-5;-9;0;-2;-2;0;-3;6;-1;-4;-11;-1;-2;-2;-2;-1;2;-11;-29;-3;0;0;0;-14;-1;33;36;7;-2;-3;-4;-2;-5;-28;-16;-2;-1;-1;-2;0;-6;14;4;1;-2;-2;1;9;0;-11;-6;-3;1;1;1;-2;5;-5;-13;-5;-3;0;-3;2
2;1;15;13;2;2;1;3;-3;-5;-5;-3;-4;-3;0;1;2;0;10;-13;-8;-1;0;0;-1;0;-2;-12;0;-2;0;-4;-8;-4;-17;-11;0;-2;1;-3;-3;-1;3;10;0;2;3;1;3;2;5;-8;-7;-3;-2;-2;-7;-3;13;16;4;-1;-1;0;2
0;-4;-14;-19;-3;0;2;-1;4;3;9;11;1;0;0;3;-4;-3;-16;-3;-3;-2;-3;-3;4;1;6;10;-1;0;2;1;1;0;-8;-14;-2;-2;0;-2;-3;1;14;15;0;1;1;-4;2;-1;2;-7;-2;-1;-1;-2;-15;-3;-3;-3;-1;-1;-1;-5;2
-10;-4;-13;6;0;-1;0;-3;11;7;39;20;4;-3;-1;-5;-9;-7;-2;-21;-7;-4;-2;0;2;-1;-29;-7;-3;1;-1;-1;-2;-2;4;10;5;2;0;-1;8;0;4;-1;-4;-1;-2;0;-6;-3;1;0;7;3;1;-1;7;-6;-2;-1;-4;-3;-2;1;2
0;-2;8;-15;-7;-2;-2;1;0;-1;-6;-9;-7;-1;0;0;-1;0;12;14;10;4;1;1;-2;2;2;-3;-7;-3;-3;-3;8;-6;-7;2;-2;-1;1;3;-6;-6;-12;-3;-1;-2;-2;-2;3;0;5;5;-1;-2;-1;-1;-1;2;4;-4;1;-1;-1;1;2
-3;-1;-17;-17;2;2;1;-2;-5;-6;6;16;2;2;-3;-2;-5;0;-3;1;5;1;1;-1;6;2;-25;-3;-6;-1;2;1;-3;1;44;7;-5;-4;-2;-2;1;0;2;-8;-8;-5;-3;-1;7;0;-11;-17;-4;-2;-1;-2;-7;-11;-8;5;-4;-2;-3;-4;2
-4;0;31;-1;-7;-4;-3;-5;-9;-1;-14;-3;-2;-2;-1;-1;5;-1;0;-11;-5;-3;-4;1;2;-1;10;-12;4;1;2;1;-3;-9;-14;10;-1;-1;-5;-5;-7;3;6;4;0;1;0;-4;1;-4;-13;-12;-6;-3;1;-1;-3;0;-5;-4;1;-1;-2;-4;2
-2;-5;-28;-17;0;-3;-2;-1;8;3;16;9;-4;-3;-2;-3;-3;-2;-8;6;1;0;0;-3;11;-3;-20;-23;-7;-1;-2;-2;-19;0;0;-1;-4;-3;-1;-2;2;-1;-5;-19;-3;0;-1;0;1;1;-2;-1;2;0;-3;-2;0;4;8;-3;-5;-2;-2;-2;2
-1;3;13;15;2;-1;-2;-1;6;-2;16;6;-6;-8;-4;0;-9;-3;-1;-3;2;3;1;0;1;1;2;7;-5;-6;-4;-3;-2;-2;-2;-3;2;3;2;-1;1;-3;-27;-6;-2;5;0;0;0;0;13;-11;-3;-4;-3;-2;1;2;0;-2;0;1;0;0;2
1;0;10;-10;-7;-2;0;0;-1;-1;-29;-6;-2;1;0;-2;5;-2;18;-3;0;-2;-1;2;0;0;7;-5;5;1;-1;-4;-5;-2;-6;4;-2;-3;-3;-1;-2;-3;4;2;-3;-1;-2;-2;0;0;-5;9;5;0;-4;-4;-6;-3;-3;-4;-2;-1;0;0;2
-3;1;2;6;3;0;0;-2;4;-1;1;6;-1;-1;-2;-2;-2;1;-31;-27;-7;-2;-2;-2;5;-3;25;25;-4;-2;1;2;-2;-3;7;-10;-1;-2;0;-1;-4;-1;-5;-1;-6;-4;-4;-4;1;3;7;-1;-3;-2;-1;-1;-2;-1;-10;-4;4;0;-2;-2;2
0;-2;8;12;-2;-3;-1;-3;-1;0;3;5;-1;-2;0;0;0;-1;1;3;3;4;0;-2;-9;-5;-10;-19;-1;1;-3;-1;8;2;1;16;1;1;1;3;-2;-2;-8;8;3;-1;-1;-3;0;0;18;-10;-7;-2;-2;-3;-6;-2;-5;10;3;1;0;-1;2
-1;0;-2;-14;-1;1;-3;2;-3;1;22;9;0;-1;-3;-3;-1;-2;-8;4;5;-1;-1;-2;2;1;11;2;-4;-2;-1;0;1;-2;-21;-7;-1;2;1;0;-7;0;18;23;8;2;-1;0;4;-3;-20;-35;-16;-4;-3;-2;7;-4;-9;17;6;-1;0;0;2
-4;-5;-19;-23;-5;-3;-2;-2;-1;-1;3;2;7;3;-1;-1;-1;-4;-18;-7;-4;-2;0;0;-2;0;11;-1;1;1;0;0;-4;-2;-1;-14;-6;-4;-2;-2;5;-6;-9;1;-1;-1;-1;1;1;-4;-3;2;1;-1;1;-2;-3;0;9;-4;1;-1;-2;-2;2
-2;-6;-23;-1;-1;-1;-3;-2;2;4;30;9;2;1;-1;-2;1;-1;-3;-3;-4;-3;1;-3;-6;-2;-28;-13;-2;-2;0;-4;8;-2;15;6;-2;-1;0;3;-1;-1;-15;-12;-2;-1;-1;-3;-2;2;9;-2;-3;-3;-3;0;0;-3;-13;2;2;2;0;0;2
3;-2;48;25;-3;-2;-2;0;-9;2;1;-6;-6;-5;-5;-3;5;-7;-13;-10;2;0;1;2;-4;-1;-16;9;-1;0;-5;-4;2;1;8;-7;-5;-5;-3;1;-1;-4;-6;-24;-8;-4;-1;-2;0;2;4;38;12;2;0;-2;-11;-5;-4;-8;-1;-2;-1;-1;2
4;-5;33;16;4;2;-2;-1;-2;0;11;11;-2;-4;-1;-1;0;-2;-6;-7;-1;0;0;0;-9;-4;-9;0;1;-4;-3;-4;-2;-3;-17;-37;-10;-3;0;-1;0;2;11;19;2;-2;-2;-2;5;-2;1;-4;2;-1;0;1;-6;-2;-8;3;0;-1;-1;-2;2
2;0;42;-2;-4;-1;-1;-1;-2;-2;-19;-17;-5;-4;-4;-1;1;1;11;20;4;1;-1;-1;-1;1;0;6;6;3;2;0;-2;0;-10;-9;-7;-2;-2;-4;3;2;10;5;-2;-1;1;-2;-5;0;-4;7;1;-3;-3;-4;-16;-3;6;-14;-8;-2;-2;-4;2
-5;2;12;10;6;0;0;-2;0;-7;-34;-2;-4;-2;-3;-3;-3;0;50;-24;-3;-2;0;-1;1;0;-16;19;3;-3;-1;-2;-5;-3;-17;-21;-4;-1;-1;0;1;-1;-8;-3;-3;-2;-3;-1;-1;-4;2;-1;-4;-3;-3;-2;15;1;-5;-12;-3;1;1;2;2
4;-1;-17;14;2;0;1;1;-4;0;4;-4;3;-1;-2;-4;-4;-3;-3;9;-2;-3;-2;-3;15;-1;2;-11;1;1;0;0;-17;-7;0;10;2;1;-1;0;-7;1;-21;-16;-5;-2;-2;-1;0;-1;-28;-36;2;0;-1;0;-1;3;50;30;-1;-3;0;0;2
10;2;41;15;-1;-2;-3;-2;-17;-1;-25;-20;0;0;1;0;7;3;-1;6;0;-2;-4;-1;-9;-2;11;5;2;0;2;-2;0;-1;-8;1;-3;-2;-2;-1;2;3;1;4;-2;-1;-1;1;3;-2;-13;-13;-5;0;-3;-3;-5;-3;13;12;2;-2;-1;-1;2
0;3;3;-4;-4;0;-1;-1;7;-2;-17;-8;-1;1;-1;2;-1;-8;0;-2;0;-1;-1;-1;3;1;12;-26;-9;-5;-4;-6;-2;-3;-2;10;3;2;1;-1;-3;0;-2;3;-2;-2;-3;-4;0;3;2;-8;-1;2;1;-2;-2;-2;-17;-4;-1;1;1;3;2
-3;1;-3;2;-3;-4;-3;-2;-4;-3;-11;-19;-1;1;3;1;2;1;2;10;0;0;0;-3;1;-2;-18;-3;2;1;0;0;-3;-5;-7;-16;-8;-2;-1;0;1;1;-1;6;1;-1;-2;0;1;2;13;0;1;-2;-3;1;-3;-1;-16;-16;-1;0;0;2;2
-1;1;10;15;-1;-1;-1;-3;6;0;-23;-21;-4;-3;-1;-2;-5;-5;1;1;6;3;-1;0;-1;-1;-7;10;-1;-1;-1;-1;1;0;1;1;0;-4;-4;-4;-5;-5;-11;-2;-5;-3;0;-3;0;0;1;-8;-2;1;0;0;2;0;3;-3;-5;-3;-1;-2;2
2;-1;-6;-7;2;3;1;2;0;-1;-2;-10;1;-2;0;-3;-2;-2;13;23;1;0;2;3;-4;-2;-6;8;-3;-1;-3;-4;-2;-5;-6;3;-3;-1;-1;-2;-4;0;-6;-3;-2;0;-1;-2;1;3;14;0;2;-1;-3;-4;-3;-3;-11;10;2;-4;-1;1;2
-2;-2;0;-7;-6;-2;0;-1;5;1;15;-16;-2;-2;-4;-1;-7;-6;-14;-12;-2;-1;-1;-3;0;2;25;28;8;3;0;1;-5;-2;-17;0;-6;-4;-5;-5;10;-6;-10;-17;4;7;3;1;3;4;22;5;-5;1;0;0;-7;-6;-24;-31;-11;-7;-3;-2;2
-16;-7;4;-5;-3;-1;-2;-2;-4;-1;-27;-11;-5;-4;-4;-4;-1;0;35;18;-3;-1;-2;-1;-3;2;12;17;6;1;0;1;3;-3;-38;-7;5;2;2;1;-3;-4;14;0;1;1;0;0;-6;-5;-14;-10;-4;-1;-5;-6;-6;1;1;8;-2;-3;-2;-3;2
0;3;0;-2;-1;-3;0;0;-5;-3;-20;-4;-1;-1;0;0;-1;0;1;-16;0;-1;-3;-1;-5;-5;-11;13;-2;-2;-2;-1;11;5;30;-4;-3;-2;-2;-1;-1;-3;3;-12;-6;-3;-1;-2;-3;-4;-15;7;5;1;-1;-1;2;1;-6;6;1;-1;0;-3;2
5;-3;-6;-11;-2;-2;0;-1;-12;-1;15;19;1;-2;-3;-4;4;-2;-11;-1;-3;-1;2;2;-6;-2;-7;-13;1;2;-1;-1;1;-4;-3;-5;-3;-1;-2;-1;4;1;0;1;-2;-4;-1;-1;-5;0;11;10;5;0;2;-1;-5;-3;-29;-22;1;2;1;1;2
-1;1;-5;-11;0;-2;-1;-1;-4;4;8;9;6;5;0;-2;-10;-6;-21;-8;1;-1;-2;-4;0;1;13;-5;-6;-3;1;-1;-3;-4;10;14;8;3;-3;-4;7;-1;-16;-14;-3;-2;-1;0;-6;0;-5;20;5;-1;-1;-3;1;2;17;-6;-4;-1;-1;1;2
5;0;6;4;1;-1;3;6;-2;-1;13;-5;-2;-1;-3;-3;-1;0;5;13;4;1;-2;-2;-2;-7;-25;-7;-1;-2;-2;-3;-5;0;-7;-5;-2;-2;-1;-2;-3;-2;16;5;-2;-2;-3;0;-3;-1;10;-8;-2;-1;-1;0;3;0;-22;-13;-2;-1;-1;-2;2
8;1;-2;5;3;0;-1;-2;-16;-6;15;5;-5;-3;0;0;4;1;-12;-7;-3;-2;-5;1;-1;0;5;3;-2;-3;0;0;0;-2;-14;-7;-2;1;0;-3;-8;-4;-2;13;4;0;-2;-2;7;-1;8;-15;-3;-3;0;-1;3;-2;-8;5;-4;-2;-1;0;2
-7;-4;-26;-23;-11;-2;-4;-3;6;-1;0;0;-4;-2;-2;1;-7;0;-9;-7;-3;1;-1;-3;-4;-5;-12;-25;-5;-5;-1;-1;1;2;18;19;-1;-3;-1;0;-4;1;-15;0;-7;-9;-8;-5;4;-3;0;-16;-1;-2;-1;2;1;-1;-6;-6;-4;-2;0;0;2
-22;-5;14;-18;-3;-1;-3;-2;4;0;7;-10;1;2;0;0;-4;-3;9;10;-3;-2;-1;-3;3;-2;4;6;1;0;-4;-3;1;-4;-8;-3;4;1;0;-1;-6;1;-12;-9;-4;-2;0;-2;5;2;-6;-15;1;0;-1;1;-3;-4;-10;-5;2;-1;-2;-2;2
7;3;-4;3;0;2;-1;-2;-10;-4;-38;-26;-9;-4;-3;-2;-5;-1;22;37;4;-1;-1;-1;2;-2;6;-10;-2;-2;-1;-4;-3;-4;-12;-9;-1;-2;-1;-2;1;-1;3;2;-5;0;2;1;8;-4;-27;-28;-6;0;1;2;-6;0;3;-5;2;0;-2;0;2
0;-1;15;17;1;-2;0;0;6;-3;-28;-21;-4;-4;-1;-1;-9;-2;25;8;-2;0;-2;-2;0;-2;-18;1;2;-3;-1;0;-4;2;8;-10;-1;-1;-3;-3;5;1;2;21;4;0;-3;-2;1;0;10;5;-2;-3;-2;-4;-2;-4;-26;-9;-1;0;-1;-1;2
5;4;7;17;0;-1;-1;-5;-13;-1;7;-9;-1;3;1;1;6;0;-41;-23;-6;0;1;2;-2;1;10;-1;1;2;1;2;1;-3;-7;-7;-5;-2;0;-1;8;-1;6;12;-3;-3;2;1;0;5;-2;-8;-6;-4;-1;-2;-6;-5;4;3;-2;-4;-2;-2;2
7;0;-6;14;5;3;-1;1;-3;-1;4;3;0;1;0;-2;2;-3;-8;16;5;1;-1;-1;-6;0;2;-1;-1;1;2;1;6;2;3;-6;-5;-4;-1;-2;-9;-6;-30;-12;-5;-2;-2;-1;1;2;45;0;-5;-3;-4;-1;-8;-1;12;12;2;-3;-3;-5;2
0;-2;-14;5;1;0;-2;0;-4;-4;-17;-1;2;0;0;1;-3;-1;-3;9;-2;-2;-1;-1;-7;0;33;-2;-4;-3;-1;-2;5;1;-3;-5;2;1;-2;0;-3;1;5;-18;-7;1;1;2;-2;0;-12;25;2;1;-1;-3;0;-5;-7;-7;0;2;1;2;2
-6;-2;18;31;-1;-2;-2;-2;1;-2;-15;-5;-3;-4;0;-2;-4;-4;-29;-9;0;1;-2;-2;-7;2;20;3;0;0;2;1;9;-3;-8;-12;-3;0;0;1;-3;-1;9;0;-2;0;0;-1;3;0;-2;25;3;-1;-3;0;-4;-2;-9;-21;-3;-1;1;-2;2
-4;-5;-16;7;-1;-4;-2;-2;4;-2;-15;0;-2;-2;0;0;0;-5;-3;-17;-6;-3;0;-2;-3;-1;6;3;-1;-1;0;-1;-2;3;29;-8;-3;-1;-1;-2;-2;-4;-32;-2;3;-1;1;0;2;-1;16;17;-2;-6;-3;-2;-6;-1;-20;-35;-3;0;-1;-5;2
-4;-1;21;10;0;-4;-2;-3;-3;0;-2;-7;0;-1;-1;-2;-4;-4;-9;-6;-3;-4;-1;-1;-1;0;-3;-4;-6;-4;-4;0;0;-2;-21;-14;-5;0;-3;-1;-3;-1;-2;24;6;2;0;-1;2;2;29;-6;-5;-3;-3;-4;0;-4;-8;0;-1;-1;-1;2;2
-2;-2;18;15;-5;-4;-4;-2;-2;-4;-46;-19;-4;-1;0;-3;-4;-1;18;-8;-4;0;0;-1;-2;-1;-8;4;-1;-3;-2;-3;1;1;19;-8;-1;2;0;0;0;1;7;0;-3;-3;-4;-4;-2;-3;-13;-3;1;0;-1;-2;1;-1;-19;-8;-1;3;2;0;2
4;1;-20;-1;-4;0;3;-1;5;-3;2;15;-1;-5;-4;-3;-1;-2;-22;-14;-4;-3;-1;1;-5;-2;12;3;2;-2;-2;-1;-2;-3;2;-4;-3;-3;0;0;0;-1;-5;-11;-1;0;-1;-1;-3;2;5;-6;-2;-3;-1;-1;-5;-3;-7;3;-4;-2;-1;-1;2
-2;2;-6;-5;-1;1;2;0;2;-3;-6;0;2;-1;-3;-1;0;-4;-14;-1;-2;-1;0;0;-6;0;23;14;3;-1;-2;-2;5;1;-16;-18;-2;1;-1;0;-4;-2;15;10;1;-1;1;-2;0;1;-3;2;-3;-1;-1;2;-4;-4;-22;-13;-1;-1;1;-3;2
1;0;3;2;-2;-3;-3;-1;-1;0;-2;0;-1;-1;1;-1;-18;-2;-2;1;0;2;-1;-2;16;-5;-46;-9;-4;-2;1;5;0;4;53;3;-5;-3;-3;-2;0;-2;-4;6;4;2;-1;-1;0;-2;1;-9;-4;-3;0;-1;-7;-2;-6;-9;-3;-2;-1;-3;2
2;-2;-5;-9;-5;-2;-1;-2;4;0;-3;0;-3;-2;0;-1;3;1;3;-1;-1;0;-1;-1;-8;-2;-1;-10;1;0;-2;0;7;-3;-2;-7;-2;-1;-2;0;-20;-2;1;-1;-2;-3;-1;-4;4;-2;-14;-12;-3;1;2;3;0;0;14;17;-2;-1;-4;-2;2
-1;-2;-22;-22;-3;0;1;0;-3;0;11;19;1;-5;-4;1;1;-1;2;0;1;0;-1;-1;0;-1;1;0;0;-2;0;-2;0;0;-4;-10;-1;-3;-2;-2;-5;-3;-4;-8;-3;-3;1;-1;4;0;-5;-5;-4;-3;-1;0;-2;0;2;3;-1;-3;-4;-1;2
-1;0;1;5;-2;-2;-3;-4;-3;-4;1;-6;-4;-1;-2;-1;0;3;-6;-7;-1;-2;-1;-1;1;0;-5;-4;-1;0;0;-1;-1;1;9;13;0;-3;-1;2;1;-1;-3;-6;-2;-1;2;-1;-5;-4;-17;-26;-3;-3;-1;0;-1;4;35;31;1;-1;-3;0;2
-9;-2;-2;-8;-1;-1;-1;-3;0;0;3;11;2;-1;-1;-1;1;-1;3;-1;-1;-2;-2;1;-4;-1;-6;-7;-4;0;-2;1;0;-2;-1;6;-1;-1;-1;-2;-4;-1;5;0;-2;-3;0;-5;-2;-1;5;15;0;-2;-1;-1;-1;-3;-15;-20;1;2;0;0;2
-2;-1;-5;-24;-4;-2;-2;-3;-5;-6;-8;5;-2;1;1;1;4;-1;6;12;1;-1;-1;-2;-6;-1;11;2;-1;-4;-2;-1;1;3;-3;-6;0;-1;0;0;0;0;-6;-13;-6;-2;0;-3;-2;-1;-5;1;2;1;-1;-1;-1;-3;-2;7;-1;-2;-2;-4;2
8;-1;5;7;-1;-2;0;-3;-2;-2;-19;-11;1;1;1;0;-1;0;13;10;-5;-6;-1;-3;-4;-2;-1;-5;-1;-1;1;-1;-3;-1;-10;-5;0;-1;-2;-1;2;-2;1;-1;-2;0;-1;1;-1;-1;-20;-4;-1;1;-1;-2;1;1;13;-19;-2;1;-2;1;2
0;1;26;20;1;0;-1;2;-2;-1;-5;1;-1;-2;-1;-1;-2;-4;-10;-10;-2;-3;-3;-4;-9;-4;-9;-4;0;1;0;-2;1;-2;-6;-7;-1;0;-3;-1;-4;2;4;-1;-2;-2;-2;-2;1;0;-5;-11;-1;-2;1;0;-5;-2;-3;-1;-3;-2;0;-1;2
-1;-4;-13;-17;-5;-3;0;-1;0;1;10;-4;-2;-1;-1;-3;1;0;2;4;1;-1;-1;1;-3;-2;2;2;-1;-3;-2;-2;-2;-3;-9;0;-2;-2;1;-3;-4;0;-4;-12;-1;0;-1;-5;3;-5;-12;-21;-5;-1;0;2;-3;-1;-2;13;-2;-4;-4;-2;2
2;-1;-5;2;0;0;-2;-3;-2;-2;1;-2;0;0;0;1;-4;0;0;-13;-4;-2;-3;-2;-2;-2;-6;-6;4;0;0;0;0;0;0;14;2;-1;-2;-1;-1;-2;-5;-6;0;-2;-2;-1;-4;2;5;20;0;1;1;-2;-1;-1;-2;-13;-6;-3;-1;-1;2
-4;-6;-26;-21;-1;-1;-1;-3;7;3;30;22;-3;-2;-2;-2;-2;-1;1;9;3;-1;1;-1;-2;-2;-13;-5;-2;-1;-1;0;-1;-1;13;-4;1;-1;-3;-1;0;-1;-5;-11;-4;0;1;-1;0;-1;-1;14;-4;-2;0;0;-3;-4;-2;-8;1;-1;-2;-3;2
0;-3;-9;-3;-1;0;-1;0;-4;-1;8;11;2;-1;-2;-2;1;0;-1;0;-1;0;0;0;-2;-3;-4;3;2;-1;-4;-2;-1;-1;-1;-8;-4;-2;-1;-1;1;0;-1;-10;-6;-2;0;-1;1;2;-5;-3;-1;0;-2;0;-2;-1;2;16;2;-1;-2;-3;2
0;-3;0;2;-3;-1;-1;-2;-1;-3;-15;-5;-2;-1;-1;0;-1;2;-6;-25;-2;0;0;-1;1;0;11;14;-1;0;0;1;-4;-4;-7;18;-2;-2;-3;-3;1;-1;2;0;0;-1;-2;2;-3;-1;-6;-9;-2;-2;-3;-2;0;1;-2;-4;1;-1;-2;-2;2
-4;-3;3;4;-3;0;-1;-3;-3;-2;2;-5;-2;1;1;2;0;-2;-5;-9;-3;-2;-1;-1;2;-1;6;6;0;-2;0;0;-4;-3;-10;-4;-2;-2;0;0;-1;3;-1;9;1;0;-1;-3;0;-2;2;-3;-5;-3;-1;2;-1;-2;-5;-2;-2;-1;-2;-5;2
0;-2;-6;-16;-3;-3;0;0;-1;-3;-6;8;1;-1;0;-1;-3;2;7;3;0;-1;-2;-1;-16;-1;-3;2;1;-1;-3;-3;27;-1;3;-1;-4;0;0;2;-15;-4;-1;5;1;-1;0;-1;0;-3;-8;-11;-1;-1;-2;1;-5;-1;-16;-13;-3;0;-1;0;2
-5;-1;4;3;1;0;1;-2;-1;-2;-11;-17;-3;-3;-4;-3;1;2;7;7;-3;-3;-1;1;2;-1;-1;5;3;1;-2;0;-11;0;-4;-15;-3;-1;-2;-3;7;-4;-23;-6;-3;-1;-1;1;-4;6;28;17;2;1;1;-1;-3;-1;-1;16;1;-3;-3;-3;2
-6;-2;8;1;-1;-1;-1;-2;-7;-1;-7;17;4;-2;1;-2;2;-1;-10;-11;-4;-4;-1;-2;4;1;-1;-10;-4;-1;-2;1;-5;0;9;13;4;2;-2;-4;1;-1;-5;-8;-5;1;-2;-3;2;-3;3;-1;0;0;-2;-2;-3;-2;-1;-5;-4;-5;-4;-2;2
-1;-2;3;-4;0;-1;1;-1;-10;-2;-10;-16;-1;0;0;0;6;0;12;12;-1;-2;-4;-3;-3;-3;-13;-13;-2;0;-2;0;0;1;23;23;2;-3;0;0;-2;-1;-20;-24;-1;1;0;-2;2;0;16;25;0;-1;1;0;-5;1;1;-8;3;2;0;-2;2
-2;-6;-8;-15;-8;-1;-3;-2;-6;1;3;-7;1;0;-2;-1;3;2;-9;-8;1;-1;-1;1;-1;-1;9;6;0;-1;0;0;-1;0;-4;10;0;-1;-2;-3;-2;-4;-7;-5;-4;-3;-2;-3;2;1;1;-13;-5;0;0;1;-1;2;0;1;-3;-2;-3;-2;2
2;-2;-5;-15;-6;-3;-2;-3;-2;0;-2;2;1;-2;-4;-2;14;-1;-8;-19;-4;1;0;-2;-22;-5;34;60;3;-4;-2;-2;-2;-2;-3;-13;-3;-3;-1;-3;-4;-1;1;-7;-1;-1;-3;-2;0;-3;-7;-8;-3;-1;-1;-1;7;5;-13;-9;0;-1;0;0;2
1;1;18;4;1;0;-2;0;2;-4;-4;-2;-1;-3;-3;-1;-4;-2;-12;-22;-3;-2;-3;-4;-2;-2;-1;1;0;-1;-2;-2;0;-4;-7;6;1;-1;-1;-1;2;-2;8;1;-3;0;-1;0;-2;-2;1;-10;1;-3;-3;-3;-3;-2;-5;5;-1;-1;-2;-3;2
-5;3;-4;19;1;0;0;-2;3;-2;11;-4;-1;-1;-1;-4;-7;0;2;13;-1;1;0;-2;-1;-2;-18;-24;-2;-1;0;-1;-5;-4;27;-9;-4;-2;0;-1;-3;-2;-7;18;1;0;-2;1;0;-2;3;6;1;-1;-1;-3;-1;0;-7;1;1;0;0;-2;2
-1;-2;-6;-3;-1;0;-3;-1;0;-2;0;6;-5;-3;-2;-5;2;1;-13;-8;-1;-1;1;-1;-4;-4;4;-20;1;0;-1;-2;-2;-2;-5;29;-1;-3;-1;-1;-3;-3;-2;-12;-2;-4;-3;0;2;-1;0;6;3;-1;-2;-2;1;-2;0;5;-4;-2;2;-1;2
1;-1;-5;8;-1;-2;-2;-1;-15;-1;-9;-7;-2;-2;-3;-4;18;-2;16;-1;-2;1;4;5;0;4;-8;-9;-3;-3;-1;-2;7;-3;-3;19;-1;-4;-2;-3;-11;-1;5;-8;-3;-2;-1;1;-10;-2;-10;2;-3;-2;-2;-4;3;-1;8;-5;1;0;-1;0;2
-4;-4;-19;-32;-4;-2;-1;-2;3;-2;2;-7;0;-1;0;-2;-5;-1;-3;18;-1;1;-1;-1;2;3;9;-2;-4;-2;-1;1;-4;1;2;5;-1;-2;-1;-1;-1;-5;-3;-12;-4;-3;-1;-2;0;1;0;2;-1;0;-1;-1;-1;-2;-14;-14;-3;0;-1;-1;2
1;-3;-3;-7;3;0;-2;-1;-2;-1;2;5;-3;-2;-1;0;1;1;-14;-3;0;-2;-2;-3;-2;-2;7;-5;-2;-1;2;-2;-10;-7;-14;-17;-1;1;-1;-2;12;1;6;15;3;-2;-1;2;-4;-3;1;-1;0;-2;-1;0;-2;-2;-12;14;0;2;0;-2;2
0;-2;-5;0;-3;-2;-3;-1;-1;-1;-5;-12;-1;2;-1;-3;7;2;1;1;-1;1;0;-1;-16;-5;-5;-2;-8;-5;-3;-2;1;-1;-4;16;5;1;0;-2;-3;-1;-10;-10;-3;-1;-3;-1;-1;-1;20;-1;-4;-3;-3;-2;5;0;-7;-12;-1;0;1;1;2
-1;-1;2;-3;1;-2;-1;-1;-3;0;0;-8;-4;-3;-3;-1;-2;-3;-6;-4;-2;-2;-1;-2;2;0;1;7;1;3;0;1;-1;0;-2;-16;-2;-1;1;1;-3;-4;-5;2;-1;-2;-2;-2;0;-2;2;6;0;-3;-2;0;-3;-4;-16;-24;-3;-2;-1;-2;2
2;-2;2;-2;-5;-2;-3;0;-3;1;2;9;-1;-2;-1;-2;2;-1;-4;-6;-4;-1;-1;0;2;-1;-7;-4;-2;-3;-3;-2;-2;-2;9;3;-1;-1;0;-1;0;1;8;11;3;1;-2;-1;-4;-2;-19;-15;-1;-2;-2;0;2;0;18;14;0;0;0;1;2
-4;-1;-13;-9;1;-2;-1;0;0;-5;-4;-6;-6;-2;1;2;-4;2;8;7;-2;-3;-2;-3;-3;0;-1;1;1;1;0;-1;2;2;8;-9;-6;-2;-1;-1;-2;-1;-14;9;6;3;1;-1;7;0;10;-6;-3;-2;-2;-1;-2;0;-6;-11;-2;0;-2;-1;2
1;-4;-5;-6;0;0;0;1;-3;-1;11;13;2;-2;-4;-3;0;-3;-23;-30;-5;-2;-1;-1;-1;0;1;-2;1;-1;-1;1;0;-2;3;5;0;0;0;-1;-4;-3;-10;-7;-1;-1;-1;-2;-6;-3;7;17;2;-2;-1;-3;10;0;-3;-11;-2;-5;-2;-4;2
-5;-3;-16;-9;-3;-1;-2;-2;1;-1;0;-4;3;0;-1;-1;-2;1;-3;-10;0;-1;0;-1;0;0;16;17;4;2;1;0;-5;-6;-34;-4;-6;-5;-3;-2;0;0;16;0;1;0;0;-2;-2;-5;-3;6;1;-2;-3;1;-5;2;-3;-34;-3;-3;-1;-3;2
-2;-6;-12;-15;-9;-4;-3;-2;5;3;7;-4;1;1;0;-1;-1;2;-6;-7;-1;-2;-1;-1;-1;-4;-2;-3;-2;-2;-2;-2;-5;1;-6;8;1;2;1;2;1;-2;2;-2;0;-2;-3;-1;-3;1;-6;4;0;-1;-2;-1;4;-1;19;10;-2;-3;1;1;2
2;-3;12;-19;-4;0;-1;-3;-3;-1;2;-10;-1;-1;-2;0;3;-1;-17;-7;-3;-2;0;0;0;-1;4;8;0;-1;-1;-1;-1;-1;-15;3;0;1;1;1;1;0;7;1;0;0;0;1;-5;-4;1;-12;-2;-3;-3;-2;16;3;6;13;4;1;-1;0;2
1;-1;-6;1;1;-2;-2;-2;-5;1;9;3;-1;0;-2;-1;0;-3;-12;1;-1;-3;-3;-3;2;0;-8;-6;-3;-2;-2;2;-1;1;6;-7;0;1;0;-2;-2;-2;-4;6;-1;0;0;1;1;4;9;-11;-4;-3;-1;-5;1;-7;-11;4;1;-1;0;3;2
-4;-3;-6;-3;-1;-1;-2;-3;-5;-2;0;-7;-2;-2;1;-1;7;2;1;-5;-2;1;-1;1;-1;1;7;14;1;-1;2;-1;-1;-3;-9;-2;-2;-3;-2;0;-2;0;3;-3;1;-1;0;-1;-3;1;10;-7;-2;-2;-1;-4;2;0;1;2;-1;-2;-3;-3;2
1;-3;4;-9;-3;-3;-3;-1;0;-3;-10;7;1;1;1;0;-1;-1;13;15;-2;-1;-1;-1;-1;1;-6;-6;1;0;0;-1;-2;0;0;-5;-2;-2;0;-2;1;2;6;-2;-2;-1;-1;-2;-1;-2;-6;-1;-1;-1;-1;0;-3;0;6;-1;-1;-1;-1;-3;2
-1;0;-2;-6;-2;0;-3;0;-2;0;7;17;0;0;0;0;0;-2;-8;-7;-1;-1;-1;-1;3;0;16;10;0;-1;-2;-2;-8;-7;-17;-10;-2;-2;-1;-4;-2;-1;9;-1;-1;-2;-3;-1;-3;-1;1;7;2;1;-1;-2;4;0;-8;-4;2;0;-1;-1;2
1;0;-38;-42;-4;-1;0;1;-3;-1;28;25;-1;-1;-2;-1;-3;-3;-3;10;2;-3;-1;-1;-2;-1;-1;10;0;-1;0;-2;2;2;9;-3;-3;2;0;1;-1;-4;-14;-13;-2;-1;-3;-2;-4;-4;-19;-23;-5;-3;-2;-1;-1;-2;12;4;-2;-1;-1;0;2
0;3;14;28;3;-3;-2;-1;-7;-3;-8;-6;-1;-2;0;-1;2;-2;7;-8;-7;-2;-3;0;-3;-4;-15;-1;1;-2;-2;0;3;0;-5;-3;-4;-1;-1;-1;-2;-2;1;-8;-4;-1;0;-2;-3;-1;-3;-7;0;-3;-3;1;0;-1;-8;-4;-7;-5;-2;-3;2
-22;-3;-7;-11;0;0;-1;-1;-2;-3;2;13;1;-2;-2;0;-3;-1;21;3;-2;-2;-2;-2;1;-3;-33;-23;-3;1;1;2;5;0;-2;14;0;-2;-1;0;-3;0;14;2;-1;-2;-4;-2;-2;0;8;6;0;-1;-2;-2;-3;0;0;7;0;-1;-2;-1;2
1;-3;-1;2;-1;-2;1;0;-1;0;5;-7;-6;-2;-1;-1;-1;-2;-18;-10;-3;-2;0;1;-4;-5;-28;5;1;-2;-2;-3;2;2;60;3;-1;0;1;0;1;-1;-8;1;2;0;1;0;0;0;3;2;0;-2;-2;-3;0;-1;-1;3;0;-2;-2;-2;2
-1;-4;-9;-11;-2;-1;-1;-1;0;2;-4;-1;0;1;0;-2;-2;-3;-6;-1;-1;-1;0;-1;1;-2;-8;-5;1;-1;-1;2;-4;-1;21;9;-4;-2;-4;-6;0;-4;-8;3;1;0;0;0;-2;-3;8;-1;-6;-5;-3;-3;2;0;-4;-8;-2;-1;0;-1;2
-1;2;-3;-8;-2;-1;0;1;0;-1;23;8;-4;-3;-2;-2;-2;-4;-18;-17;-4;0;-1;-2;3;2;12;11;0;-2;0;-2;-5;-1;-17;-2;1;3;2;0;1;1;6;11;3;-1;-3;0;2;-1;4;3;0;-2;0;0;-2;0;1;-8;-5;-3;-2;-2;2
-3;-1;-7;-14;-5;-4;-3;-4;-2;-6;-10;5;0;-2;-1;1;0;1;5;3;1;0;1;-2;0;0;3;-3;-2;-1;-1;1;-2;0;1;-4;-6;-2;-2;-2;-3;-4;-15;-9;-3;-4;-2;-2;0;-2;22;12;3;0;1;2;-2;-4;-18;-2;-1;-2;-1;-5;2
-4;-1;-6;-8;1;-1;1;0;-1;-2;7;2;-4;-2;-2;0;6;1;-10;-9;0;0;0;0;-1;0;3;-1;-2;-2;0;0;-2;-3;-22;-23;-3;0;-5;-2;-3;0;22;25;3;-1;-1;-1;2;0;3;19;-1;-1;-2;0;-3;2;4;-7;-2;-1;0;-3;2
-3;-1;7;-6;-2;0;0;-1;2;-6;2;14;-1;0;1;1;-2;-4;-18;-12;-1;-4;-4;-3;-1;2;20;16;3;0;1;-1;1;-1;-8;7;1;-2;-2;-2;-6;-3;-7;-16;-6;-4;-4;-4;1;1;7;-14;-2;-1;0;0;-2;-5;-25;0;1;-1;-3;-1;2
1;-2;1;15;1;-2;-2;0;-2;-2;-2;-20;-1;2;2;1;0;-1;-6;3;2;0;-2;-2;-5;2;3;2;2;1;-1;1;-2;-1;-11;-14;-6;-2;-3;-3;1;-4;-15;-27;-6;-2;0;1;0;0;19;23;-4;-4;-2;-6;-2;-4;-4;-3;0;0;-1;-2;2
-2;-2;-3;-7;-1;0;-1;0;0;0;-4;-1;3;1;-1;-3;-3;-3;-2;-10;-2;0;-1;0;-2;-1;13;5;-3;-3;-2;-1;-2;-1;-7;-9;-3;-4;1;-1;-2;-1;-2;9;-2;-2;-2;0;0;2;15;-11;0;0;-1;-2;1;1;-5;15;2;2;0;-1;2
0;-3;-5;-16;-7;-4;-3;0;-2;-2;4;-12;-4;-3;-2;-1;-2;1;1;-1;0;-1;-1;0;0;0;0;-6;-1;-2;-1;-3;0;0;-11;-1;0;-1;0;-2;-2;-2;-1;7;0;0;-1;0;-4;-1;8;-4;-2;-1;1;-1;0;-3;-19;-5;-2;-2;-2;0;2
-1;-2;8;1;-2;-1;0;0;-1;2;-2;16;0;-3;-2;-2;-4;-2;-7;-19;-6;-1;-1;-3;-1;0;4;1;-2;0;-1;-3;-4;-1;5;10;3;1;-2;-1;4;-1;-32;-17;-3;-1;0;-1;0;0;23;6;0;-1;-1;0;-3;-1;-8;-1;-2;-3;1;-1;2
-3;-4;-15;-3;1;0;-3;-1;-1;1;14;-1;-2;-2;-1;-1;0;-2;-6;-5;-1;-4;-1;1;1;2;-3;-5;-1;1;0;-4;1;-7;-1;6;-2;0;1;2;1;1;6;14;0;-1;-2;-2;-1;-2;-14;-19;-5;-3;0;0;-2;0;0;3;-2;-1;-2;0;2
0;4;38;16;-1;-4;-3;-3;-3;-3;-7;-7;-1;-1;-1;-1;-1;-4;1;3;-2;0;0;-2;-1;-1;-2;-2;-1;1;1;0;-1;-1;-14;-19;-4;-2;-3;-3;-1;-1;9;20;0;-2;-1;-1;-2;1;-1;6;1;-1;-5;-5;-1;-2;-1;-9;0;-1;-1;0;2
2;1;1;0;-4;-1;-1;-1;-2;-4;-10;-8;3;2;1;-2;0;0;-4;2;0;0;0;-1;-4;1;2;-7;-5;0;-1;1;0;-1;1;3;2;0;-1;-1;2;-2;-4;-4;-1;-4;-3;-2;-2;0;-1;2;-1;-3;-3;-2;-3;-5;-2;-11;-5;-1;-1;-2;2
1;-1;3;9;-1;-3;0;-1;2;0;2;-8;-2;-1;-1;0;-7;-4;-6;4;0;0;0;-2;0;0;-7;-23;-8;-3;-3;-2;-3;0;8;23;3;-1;-1;-2;1;-1;2;1;-2;-3;-2;-2;1;-1;-18;-12;-1;-2;-2;-2;-4;-2;21;14;1;-1;-2;0;2
-3;1;-19;-14;-1;1;1;-2;-1;-2;16;1;0;0;-1;-2;-4;1;11;12;-4;-4;-3;-2;7;-1;-3;9;-1;-1;-1;1;-4;-3;-3;-14;-3;-2;-2;-2;0;2;-9;-3;-3;-1;0;-1;0;-2;-19;-9;1;1;-1;-1;-5;-1;26;-5;-2;-2;-2;-3;2
0;-1;-4;0;1;0;2;0;8;-1;-26;-19;-3;-2;-1;0;-15;-4;7;1;3;-1;-1;-4;0;-6;18;11;-5;-5;-3;0;-5;-2;-9;-2;-2;-2;-2;-1;5;-1;-3;10;1;0;0;1;4;0;-8;-11;-1;1;1;0;-1;0;-15;-14;-1;1;1;0;2
-4;-4;-11;3;-1;-3;-2;-2;4;2;-6;-17;-1;-3;-1;-1;-1;0;0;3;1;1;-1;1;-2;-2;-3;2;-4;-2;-2;-2;0;-3;6;7;0;-2;-2;-2;-5;-2;-13;-9;0;-1;-1;-2;-2;-1;0;-1;1;0;2;-3;-2;-1;0;-3;-1;1;0;1;2
-2;-5;-20;-8;1;1;0;1;-2;-1;-6;5;-4;-2;-3;-3;-1;1;27;6;2;0;0;-1;-1;-4;-5;1;-3;-1;1;-2;-1;-2;-6;0;4;1;-1;0;-1;-1;-3;-3;0;-1;0;-2;14;0;-14;-3;-2;-1;-1;-1;-21;-2;6;-3;0;-1;-2;-1;2
0;1;6;8;0;-3;0;0;-2;0;-15;-10;0;-1;-1;-2;-3;-2;-17;-12;-2;-3;-1;-1;-2;0;27;19;6;1;-1;-1;0;-1;-11;-4;-3;-1;-2;-1;-2;-4;-3;-4;0;-1;0;1;-3;1;2;-5;0;-1;0;1;0;-4;-11;-7;-2;-2;-2;-2;2
2;-1;1;-9;-2;-4;-3;0;-7;-1;-3;-13;-2;-3;-3;-6;-7;-5;-25;1;-1;1;-2;-1;5;5;37;22;-4;-4;-4;-4;7;-5;16;2;-1;0;1;2;2;-1;-18;-4;0;2;2;0;-5;-1;16;-2;-3;-3;-2;-2;0;-1;-14;-14;-1;2;-1;0;2
-3;-3;-25;-14;-3;-1;-2;-2;0;3;20;-3;-4;-1;0;1;1;4;16;8;1;1;1;0;-5;-3;-9;-3;1;-3;-4;-1;0;-1;-1;0;-3;-2;-1;-2;0;-1;-3;-3;0;-2;-2;0;0;-3;-18;-20;-6;-3;-2;1;0;-3;-9;-3;-3;-2;0;-1;2
-2;-3;5;5;-3;-1;-2;-3;-2;-2;-10;-7;-1;-2;-1;-3;0;-3;0;9;-1;-1;0;0;1;-2;2;3;0;0;1;2;-1;-1;2;-3;-4;-2;-3;-3;-5;0;-12;2;1;-1;-1;-1;-1;2;18;-4;-1;0;1;-1;-1;-2;-10;-12;-2;-2;-2;-1;2
-3;-5;-19;0;-3;-3;-3;-3;-2;0;-8;-18;2;1;-1;-1;0;-1;13;10;-1;-4;-2;-1;-1;-5;-3;8;-2;-2;-3;-4;-1;2;10;12;3;1;1;1;-2;-2;-8;-5;-3;-2;-3;-3;-1;-2;-12;-15;-4;-1;-1;0;0;-1;-3;-14;-2;-1;0;1;2
-1;-3;-4;13;1;-2;-2;-2;1;0;3;-4;-1;-2;-2;0;1;1;-6;-4;-1;1;1;1;-2;-4;4;3;-1;-2;-1;-2;-1;1;4;-4;2;0;-1;-2;0;-1;-6;0;-1;-2;-2;0;-1;-1;-16;-7;1;0;0;-2;-2;-2;7;-26;-1;-2;-3;-2;2
-1;-1;-2;-7;-2;1;0;-2;-1;1;3;2;2;-2;-3;0;-2;-6;-3;-5;-1;-3;-2;-3;0;1;1;3;0;1;1;1;-2;-1;1;2;5;0;0;-2;-1;-2;-13;-2;-1;3;1;2;-3;-2;5;-12;-2;-4;-4;-1;0;-1;-4;4;-2;-3;-2;-3;2
1;1;14;2;-1;0;-1;0;-3;-3;1;18;-2;-3;-3;-2;1;3;1;3;-1;0;0;-1;-3;-5;-20;-4;0;-3;-2;-4;-2;0;17;-9;-7;-3;-1;-2;-2;-2;-1;-19;-5;-3;-2;-3;-1;-3;1;18;0;-1;-1;-2;-3;-3;-1;-6;-2;-3;-1;-2;2
-1;-1;-7;0;1;0;0;0;-1;-1;6;1;-4;-2;-1;0;0;0;-6;-3;1;1;-3;0;-1;-2;-10;-3;-2;-2;-3;-5;-2;-2;-7;-8;-1;0;1;1;-2;1;11;0;2;-3;-3;-3;-2;-3;-9;2;-3;-1;-1;-1;-2;-2;-3;2;-3;-1;-1;-1;2
0;1;-8;-17;-2;1;0;-1;1;-1;2;-5;-2;-1;0;0;0;-2;3;9;-2;-1;-1;-2;0;1;16;18;1;0;0;-3;-1;-1;-16;-19;-3;-1;-1;0;-1;0;2;-4;-1;0;-1;1;-2;-4;-32;-1;0;0;2;-1;-3;0;23;4;-3;0;0;1;2
0;0;-27;5;-1;0;0;0;-2;0;39;6;-2;-4;0;-3;1;-2;5;-6;-2;-3;-1;-1;-1;-3;-11;-5;-4;0;-1;-1;-2;0;4;9;0;-1;-1;-4;-1;-2;-12;-16;0;0;0;-2;-1;-1;4;4;2;2;1;-1;-2;0;-5;13;1;-2;-1;-3;2
-2;-5;-12;-14;-6;-3;0;-1;-1;-3;-7;8;-1;-2;-2;-3;-1;-4;-27;1;-2;-2;-2;-2;1;1;37;-6;-2;-2;0;1;-1;-2;-9;-5;1;2;-1;0;-2;2;-1;2;2;-1;0;-2;-1;-3;-18;-13;-3;-1;1;0;-1;-3;-7;-2;-1;0;0;-2;2
-1;0;-4;18;0;-2;0;-2;0;0;-6;-16;-6;-1;-1;1;-2;-3;-10;-4;0;0;-1;-1;0;0;3;11;-1;-1;-2;3;-1;0;2;-15;-1;-2;-1;-1;-2;-2;2;1;-1;0;-2;-2;0;0;-4;4;-2;-3;1;-1;0;-2;-2;2;3;1;0;0;2
0;-1;-5;-9;-1;0;0;3;-1;-2;-4;-9;-1;-3;-3;-4;-1;-1;5;16;5;-1;-2;-1;-1;-1;-3;-12;-1;-1;-2;-2;0;-2;1;-2;-1;-2;-1;-3;0;1;-5;0;-4;-1;1;2;-2;-3;-6;-14;-6;-3;0;-2;-2;-1;8;33;2;-1;-2;0;2
-1;-2;-5;8;0;-3;-1;0;1;-2;3;2;2;0;2;-1;0;-2;-7;-12;-3;-2;-1;-3;0;0;-1;-5;-1;0;1;-3;1;-2;4;2;-1;0;1;1;-3;-1;-15;-3;-4;-2;-2;-2;-1;0;9;5;1;-2;-1;-1;0;-1;13;-1;0;0;-1;1;2
-1;-1;-4;1;-1;1;0;-2;-1;-3;3;-4;-2;-1;-1;1;-1;-1;-10;-23;-4;-3;-1;-1;0;-2;-2;16;0;-3;-1;-1;-1;0;7;12;1;-3;-1;-1;-2;-5;-24;-9;-1;2;1;-1;-4;-2;28;-6;-5;-3;-2;-3;-2;-2;-8;-4;-4;-2;-2;-2;2
0;-1;-11;-22;-1;-1;-1;0;-2;0;7;5;-2;-4;-2;0;-1;-1;7;0;0;1;0;1;-4;-4;-32;-16;-3;0;0;-1;1;0;3;2;-1;-1;0;-1;0;2;32;20;3;-2;-3;-3;-1;-5;-18;-10;1;1;1;0;-1;1;7;4;-1;-2;0;-2;2
-1;2;41;18;1;-2;-2;-2;-1;-2;4;11;0;-1;-2;-2;-3;-3;-7;-6;-4;-2;-1;-1;-3;-4;1;-2;-3;-2;-1;0;-2;-3;-20;-26;-5;-2;-2;-1;-2;-4;7;14;0;-2;-3;-1;-1;-2;-7;-10;-4;-2;1;1;1;-1;2;10;-1;-1;0;-1;2
-3;0;12;14;1;-3;-1;-1;-2;-2;-10;-12;-1;0;-1;-1;-1;0;10;-2;-3;-2;-2;2;0;3;19;25;1;0;-1;-1;-1;-2;-6;-11;-2;1;-1;0;-1;1;-1;5;-3;-2;0;-1;-1;-3;-6;-11;-3;-3;-2;-2;-1;1;-5;-17;-2;-1;0;0;2
-1;0;10;8;0;-3;0;1;0;-2;-6;-7;-2;0;-1;-1;-3;-2;-3;-1;-3;0;-1;-3;-1;-2;-13;-12;-3;0;-3;-1;-2;0;-4;-4;-5;-5;-2;-3;-1;0;16;0;-1;-3;-2;-1;-2;-3;4;11;0;-3;-2;-1;-1;-2;-20;-11;-2;0;-1;-3;2
-1;-1;-3;3;-1;-1;-2;-1;-1;-2;-5;-26;-4;-3;-1;-2;-1;1;12;42;4;0;-1;0;-1;-2;4;-6;-2;0;-1;-2;-1;-2;-1;1;0;-1;-1;0;0;-2;-20;-10;-2;-1;0;2;-1;-2;-11;-19;-2;0;-2;-3;0;1;19;22;3;2;1;-1;2
-1;0;-3;-7;-1;-1;-1;-1;-1;-1;11;13;-2;-2;1;-3;0;-1;-3;-4;1;1;-1;1;-1;1;1;-10;-4;-1;-2;1;-1;-1;-8;-8;-3;0;1;-1;-2;-1;-2;4;2;1;0;-1;-1;1;-5;-5;0;-2;-1;-1;-1;-4;-7;-11;-5;-4;-2;-2;2
-4;-1;15;6;-1;-2;-3;-2;-3;-1;-11;-13;0;-1;-2;-1;-2;0;4;10;0;-3;-1;-1;-1;1;3;4;-2;-2;0;-2;0;-1;-7;-1;-2;-1;0;2;-2;-1;-9;-6;-3;-2;-1;-3;0;-1;4;-7;-2;-2;-1;-1;-3;-2;-4;3;-1;0;-4;-3;2
-1;-3;-11;-5;2;1;0;-2;-1;-2;5;21;0;-1;-1;-1;-1;-3;-7;-12;-2;-1;-1;-1;0;0;-15;-5;0;1;-3;-4;-3;-5;-2;-9;-3;-4;-2;-3;0;0;12;-3;0;-2;0;1;-1;-2;-12;-4;0;-2;-3;-5;-1;-1;8;17;-3;0;1;0;2
-1;-1;-9;-4;-1;-1;-1;-2;-1;-1;-12;8;-2;0;0;-2;-3;-2;4;-1;0;0;0;0;-1;-3;-7;1;0;-1;-1;-1;-2;-2;-5;-21;-1;-3;-1;-3;0;-1;0;-3;-1;0;0;0;0;-3;-17;5;-3;0;0;-1;0;2;16;9;0;-1;-1;0;2
-1;-2;1;17;-4;-3;-3;0;-3;-2;1;-17;-4;0;-1;-1;1;1;3;15;5;2;1;0;0;-2;5;-3;-4;-4;-1;-2;0;-3;-19;-10;0;-2;-3;-2;-3;-1;-5;-6;-9;-3;-3;-2;-2;-3;6;7;-1;-2;-3;-4;-2;0;-5;-4;0;0;-2;-1;2
-2;-3;0;-7;-1;-2;1;-2;-1;0;-16;-11;0;-2;-2;-1;-2;-1;4;-1;-3;-1;-1;-1;-1;2;-1;1;2;1;1;0;0;0;0;2;0;-2;-1;-3;-1;0;0;3;-1;-1;-1;-1;0;-2;2;-16;2;0;-1;0;-1;0;4;19;-4;-1;0;-1;2
-2;-2;-24;-10;-6;-1;-1;-2;-2;2;21;-2;0;-2;-2;0;-1;0;-3;9;-2;-1;-3;-2;-1;-2;-4;-9;-1;-1;-2;-2;1;-1;-11;-9;-2;-2;-1;0;0;0;2;6;-1;0;-2;-3;-2;-5;-15;-14;-9;-3;-4;-5;-1;-2;-3;1;4;1;2;0;2
-2;-2;-8;-6;-5;-3;-3;-1;-1;-3;13;17;4;-1;1;-1;-1;-1;2;-1;-5;-3;-2;-3;1;1;-11;-2;-2;-1;-2;0;-2;0;13;-10;0;0;-2;-6;-1;-1;-9;15;0;1;0;2;0;0;20;6;0;0;1;0;0;-1;-12;-12;-1;-1;-1;1;2
-2;-1;-9;15;0;-2;-2;-1;-2;-3;-10;-5;-4;-2;0;-1;0;-1;-13;-1;0;0;0;-1;0;-1;11;-2;-3;-2;0;-1;0;0;-13;1;-3;-2;0;0;-2;-2;15;-7;-3;-1;-4;-2;0;-1;-1;0;0;-1;-1;-3;-2;-3;-1;5;-1;0;-1;-2;2
-2;1;26;35;3;2;1;0;-2;-1;5;6;-4;-2;-3;-2;-2;0;-7;-18;0;-1;-1;-1;1;2;3;7;3;1;-1;2;-1;-5;-19;-26;-4;-2;-2;-3;1;-1;5;15;2;1;-1;3;-1;-3;4;-8;-3;0;-3;-3;-1;-2;-5;-4;-1;-1;-1;-1;2
0;1;9;2;0;1;-1;-2;0;-4;-22;-11;0;1;0;0;-2;0;19;4;0;-3;-1;-4;-2;-1;8;20;2;-2;1;-1;-2;-3;-6;-11;-5;-5;-2;-2;-1;-2;-2;-3;-1;-2;-4;-3;0;0;-8;-21;1;2;-2;-3;-1;0;-1;19;1;-3;-2;1;2
-4;-2;-4;-12;-5;-6;-5;-3;0;-1;-6;-4;-1;1;0;0;-1;0;-4;-3;-1;-3;-4;1;-2;-2;0;-3;1;-1;-1;-2;0;0;-12;-3;0;-4;-1;1;-1;0;30;13;0;-2;-1;-2;-1;-4;-31;-22;-6;-1;-1;-2;-4;-1;10;12;-2;-2;-2;-5;2
-3;-2;-11;-7;-2;0;0;-2;0;1;11;2;0;-1;1;-1;0;0;7;1;1;-1;0;0;-1;-1;-3;3;-3;-2;-2;-2;-1;-4;-17;-6;-3;0;-1;-2;-1;0;7;-12;-2;-5;-3;-2;-2;-1;-5;-6;-4;-2;0;-1;-2;-1;23;10;0;-1;-3;-1;2
1;1;8;-9;-1;1;2;1;-2;-6;-21;-19;-3;-2;0;-1;-1;-1;6;31;4;0;-1;-2;0;-1;-4;0;-2;-1;-1;-1;0;0;3;3;-1;-1;0;-2;0;0;-13;-8;1;1;0;0;-1;-1;9;0;1;0;-1;0;-1;0;-12;-5;0;0;-1;-3;2
-2;-2;-3;2;2;-1;-3;-3;-2;-1;0;-11;-3;-3;-1;-3;-3;-4;-11;-13;-1;1;-2;1;1;1;5;4;-1;0;2;0;-3;-4;-10;10;1;-1;-4;-3;-1;-1;10;5;-1;-2;0;-2;0;-2;-3;-6;-3;-3;-1;-3;-3;-2;1;7;1;-2;-1;-1;2
-2;4;-5;10;-11;-8;0;-7;-6;-4;2;-8;1;-2;1;-3;3;-6;-15;-35;3;3;-3;1;-3;2;-17;4;2;4;-3;1;9;3;18;6;-7;-4;-1;-5;-22;-7;37;29;-2;-4;1;-2;5;-2;-15;-19;2;3;-2;3;9;3;2;-2;-3;0;0;-1;2
-8;0;-3;6;-5;-7;2;-5;0;-6;-5;-10;0;-1;1;-2;-1;0;7;5;4;2;-3;2;1;1;-1;-4;-7;0;-3;-2;-8;-3;-36;-2;-1;-7;-1;-6;0;-2;32;14;6;2;0;0;1;0;-4;-9;-1;3;-4;0;-4;1;2;0;-6;-2;0;-3;2
6;-2;-10;-23;-1;-3;-2;-2;2;1;-7;30;5;0;-2;-2;-5;-1;16;14;-7;-4;-2;-4;-17;-1;-33;-18;2;1;0;-1;18;-1;-4;-32;-5;-1;0;2;-5;-3;4;4;2;2;-1;-1;2;0;6;4;-1;-2;-3;-1;-4;-1;-6;1;2;0;0;0;2
-9;-5;7;-3;-1;0;0;0;0;-4;-21;16;4;2;1;1;-2;-1;-15;-55;-4;-2;-1;-1;5;1;24;35;1;-2;-4;-2;-4;0;15;-28;-2;-1;0;-5;-2;1;21;48;5;1;3;1;11;-4;-29;-3;5;1;-3;2;-20;-7;-6;-16;-5;-1;0;-1;2
2;-9;-57;-6;0;-1;-4;-3;1;1;2;-5;1;-2;-1;-3;-6;0;11;0;-3;0;-1;-1;4;1;6;20;1;-3;-2;-3;-1;-1;-2;-11;-5;-4;1;-2;-6;-3;-5;-19;-5;0;-1;-1;16;-3;-12;-13;1;2;1;3;2;5;10;-9;-3;-4;-3;-1;2
-13;-4;-17;-11;-5;-4;-3;0;1;2;12;5;-1;-3;-1;0;0;-4;-16;-6;-2;1;0;-1;-5;0;24;4;-2;-1;0;-1;15;0;-23;-42;-5;0;-2;1;-7;-5;-19;34;-1;-2;-4;-3;-2;1;21;-5;-2;-2;-3;-3;-1;0;-6;5;1;2;1;-2;2
-1;-4;-22;-32;-4;-1;0;-1;-1;2;8;27;1;1;-1;-3;11;-2;0;-4;-4;0;-3;-2;-21;-5;-6;-23;-4;-1;-1;-1;-6;-5;-7;2;0;0;-2;-3;4;-2;-9;25;3;-1;0;-3;6;4;6;-2;3;-1;0;1;3;0;10;-11;-2;-1;-1;-1;2
-2;-3;-17;-31;-3;0;0;-1;-1;-2;-11;26;-5;-3;-2;-1;-7;-2;-11;-13;1;-2;-1;-2;7;2;21;15;1;-1;-2;-2;-2;1;-12;7;1;2;-1;-3;-3;1;-1;-30;-2;-2;-2;1;0;-7;-36;-10;-4;0;-1;-2;-7;1;24;12;-3;-2;-2;-1;2
-8;-2;-13;-1;-3;-3;-2;-1;-2;1;-13;-12;-3;-2;0;-3;0;-2;29;15;1;-1;0;-1;5;-2;-28;-21;-6;-1;-2;1;-16;1;4;28;6;2;1;-2;14;-4;3;-19;-3;-4;-3;0;8;3;-32;-21;-3;0;0;0;-13;-9;28;10;-6;-4;-2;-2;2
5;1;-20;-9;1;-1;-2;0;-5;-5;0;-13;-3;-3;-2;-1;-4;-5;-10;1;-1;1;0;-1;11;5;18;-11;-4;-2;-1;0;-9;4;22;14;-4;-2;0;-1;-6;-8;-60;-18;-2;-4;-5;-3;4;0;17;9;1;1;0;1;4;1;15;-11;-1;2;1;0;2
11;-4;2;33;3;0;-1;-2;-21;-3;-19;2;2;1;-2;-1;-5;-2;26;-6;-1;0;-2;-2;15;1;-8;2;1;-2;-1;-1;-15;-1;8;-5;-4;-2;-1;-2;6;-1;-19;-7;0;2;1;-2;-7;-5;-2;-8;-4;-2;-2;-3;2;-1;8;21;-1;-3;-4;-2;2
-3;-2;-11;-24;-3;-1;-1;-2;2;2;6;25;-1;-2;0;-1;5;-3;-27;-17;0;-1;-2;-1;9;3;23;21;3;2;2;0;-16;-1;-6;-20;-6;-3;-3;-3;5;2;8;-3;-4;-1;0;-1;-3;-6;-17;-21;-2;-2;-3;0;4;1;7;9;-3;-1;0;0;2
0;-1;-9;1;-2;-2;-1;-1;1;-3;-19;-7;-2;-3;-1;0;-4;0;23;4;1;-1;-2;-2;0;-3;-35;-15;-4;-3;0;-2;-2;0;31;0;-3;0;1;-3;-2;2;3;3;1;-2;-3;0;16;6;-5;29;-2;1;0;-1;-19;-11;25;-21;1;0;-3;-1;2
20;-5;1;-6;-5;-2;-3;0;-3;0;-15;-7;1;0;-3;-2;-6;-2;-7;-6;1;-1;1;1;4;0;3;-4;-5;-2;-2;-2;-7;2;36;16;0;-3;0;-2;-4;-5;-20;-17;-3;-1;1;-1;-3;-6;-8;9;-2;-1;-2;-3;5;3;0;-9;-4;-1;0;0;2
1;0;-7;-7;-3;-2;-2;1;-2;-3;-4;1;1;-1;-1;-1;5;1;-4;-7;-4;-1;-1;1;-3;-1;-1;-15;-3;-2;-1;-1;-4;-2;2;58;0;-4;-2;-3;4;3;26;16;7;1;-1;-1;-4;-5;-44;-21;-5;-4;0;-3;-3;-2;26;-4;-1;-2;-3;-2;2
-4;-2;9;1;-8;-4;-1;-1;2;2;-8;-14;-1;-1;1;-2;3;-3;-20;-18;-5;1;-1;1;-5;-3;7;17;1;-1;-2;-3;2;-1;-9;0;-1;-1;-2;-2;-1;0;2;-5;2;1;0;-1;-2;-1;-16;0;2;3;0;0;0;2;31;-3;-4;0;-2;-2;2
4;2;-11;-9;4;1;-3;-1;1;1;7;-14;-5;-3;-3;-3;3;2;2;24;1;0;1;1;0;-1;-14;-6;-1;0;0;0;3;-2;14;-7;-2;-3;-1;-2;-3;1;5;-9;-2;0;-1;-1;0;-2;3;6;2;-1;0;0;-3;-4;-8;-16;-1;1;0;1;2
-2;-4;-18;-17;-1;-1;0;-1;-6;-2;2;17;2;-3;-2;-4;1;-2;-38;-6;-3;-2;-3;-3;-3;-3;26;-9;-2;0;1;0;7;5;2;-1;1;0;-2;0;-12;-4;-1;-9;0;-3;-3;-4;2;3;13;10;-2;-1;0;0;-6;-7;-14;-10;-4;-4;-3;-4;2
2;-2;-44;-38;-1;0;1;0;3;6;46;32;0;-1;-2;-1;-5;-3;23;25;-5;-2;-1;-2;-2;-4;-26;-6;-1;-2;0;-1;-4;1;1;-13;-2;-2;-2;-1;0;0;-14;-7;-3;-1;-2;-2;-1;1;-4;-4;4;1;0;0;1;0;13;-10;-1;-1;1;-1;2
1;-1;-5;1;1;-1;0;1;1;-1;-20;-9;-1;-1;0;-2;-3;1;-11;-7;-4;-1;-1;-1;5;-2;13;15;-1;-1;-2;-2;-9;-3;-25;-23;0;1;0;1;1;-4;-1;-6;-7;-4;-2;-1;-5;-2;13;4;0;-1;-1;-1;2;1;-17;-7;2;1;-1;0;2
11;1;-17;-21;-4;-4;-2;0;-22;-5;-5;-9;-3;-1;-1;-1;-1;-2;10;-10;-3;-3;-3;-2;-2;-2;-23;-6;-4;-2;-2;-1;-3;-1;13;35;1;-2;-2;-2;5;0;7;-1;0;1;0;-1;-1;-2;-30;1;-4;-1;-2;0;-1;-1;32;0;0;1;-2;0;2
-3;-5;-15;-13;-5;-2;-1;-4;0;-1;-13;-24;0;0;1;0;1;-2;4;18;-1;-2;-1;-2;-3;-1;-16;15;5;2;1;0;0;0;28;-5;-4;-2;-1;0;1;-4;-2;-4;-3;-1;-1;-1;-1;0;5;-6;-2;-2;-3;-2;-2;-2;-4;2;3;2;-1;-1;2
14;-1;1;21;-1;0;-1;3;-5;2;13;-13;0;0;-1;-2;7;-3;-10;33;3;0;-1;-1;-5;0;22;1;-1;-1;0;-1;-8;-4;-25;-16;-3;-3;-3;-4;-4;-5;-18;3;-5;-3;-2;-2;-1;-3;-3;-15;-1;1;-1;-1;-1;3;37;12;-1;-1;-2;-1;2
-2;-2;-5;12;-2;-2;0;-2;-1;0;6;0;0;-1;0;0;-2;2;16;-7;-3;-1;-1;0;5;1;0;6;-3;0;-1;1;-10;-4;9;11;2;-1;-1;-2;-2;-3;-14;-8;-3;-2;-1;-1;-1;1;3;7;1;0;-1;-1;1;-2;-31;-17;-2;-3;-2;-3;2
2;1;0;1;-1;-1;1;-1;-3;-3;-31;-27;-4;-1;-1;-1;-2;-1;33;18;-1;-1;0;-1;-1;0;-8;4;0;-2;-1;-2;1;1;7;4;1;-2;-2;-1;-2;-3;-21;-19;-2;-1;-1;0;-3;0;20;33;-1;-2;0;-1;2;1;0;-17;-1;-2;0;1;2
8;1;0;-39;-6;-2;0;0;-2;-3;-1;8;1;-2;1;-1;-3;0;1;18;-2;-2;-3;-1;-13;-1;-7;-9;0;1;1;-2;10;1;-6;17;-1;-4;0;-3;0;-2;-7;-19;-1;0;0;-1;-3;-3;-5;-19;-2;0;-3;-2;-5;1;12;30;-4;-2;-3;-2;2
3;3;12;17;-2;-1;-1;-1;-12;-5;-4;-28;2;-1;0;-1;-3;-3;-5;30;-2;-2;-1;-2;1;2;-22;-9;-1;-2;-2;0;-1;-4;9;2;-4;-2;-1;-3;6;2;17;-6;-5;1;0;-1;-6;-2;-40;-9;-2;-1;1;0;-1;0;18;18;2;-4;-3;-2;2
0;-3;-23;0;1;-3;-2;-3;-4;-4;-26;6;-1;-2;-5;-1;-3;3;29;-24;-2;-1;-2;-2;-5;-3;-1;-1;-5;-3;-3;-2;8;2;1;4;3;4;2;1;-3;0;1;8;0;-3;-2;0;13;2;-25;-3;-2;0;-1;-1;-11;-2;32;-2;-1;-1;-1;-1;2
-4;0;-7;-1;1;2;0;-1;-1;-5;-23;2;-2;-1;-2;-3;-3;0;-4;-20;-2;-2;0;0;1;-3;-3;-7;-4;-3;-3;-2;-4;-2;-7;2;-4;-3;0;-1;2;-2;-16;-7;-1;0;0;0;-5;1;21;-20;-5;-1;-1;-1;15;1;1;23;-1;-1;-1;1;2
2;2;-1;5;-1;-1;-1;-1;-3;-2;-10;3;-2;-1;0;-2;1;0;7;11;0;0;-2;-1;1;1;4;-15;-5;-4;-3;-2;-2;-4;-14;-3;0;-2;0;-2;4;0;20;16;0;0;-3;-1;-2;0;-4;-28;3;2;1;1;1;0;9;44;3;-1;-3;-2;2
-4;-4;17;15;-7;-6;-4;-4;-2;-2;-13;-2;1;0;-2;-2;0;2;19;2;-4;-2;-2;-1;6;-1;-13;-13;-1;-1;-1;0;-1;-1;-18;-10;-1;2;1;1;-3;-7;2;0;-2;-3;-3;-2;-7;-3;-47;-28;0;0;-3;-2;1;-1;41;26;2;-1;-1;-1;2
14;5;-24;-12;2;-2;-2;-2;-19;-14;-4;-7;3;1;-1;-3;1;-1;-9;2;-5;-5;-1;0;-1;-1;-9;8;1;-1;-1;0;-2;-4;-25;9;0;-3;-1;-2;5;5;53;-11;-4;-3;-1;-2;0;-4;-12;7;1;1;0;0;2;0;9;7;7;2;1;-2;2
-3;0;8;-10;-2;-1;-2;-2;2;-2;-22;-8;-1;1;-1;-1;-2;1;24;-11;-3;-1;-3;-1;-1;-1;-8;14;-3;1;-1;-1;-2;-4;15;-12;-2;1;1;0;1;0;-14;-6;0;0;-1;-1;8;0;2;7;1;-1;-1;0;-23;-5;-8;-20;-8;-5;-1;-3;2
-1;-1;4;13;-2;0;0;-1;-1;-3;-12;-18;-1;-3;0;-2;-3;-5;-23;-15;-5;-1;-1;-3;1;-2;11;-22;-5;-1;-3;-3;2;-3;-20;35;2;0;0;-1;-5;-1;20;3;-7;-4;-2;0;-5;-6;-8;-24;-5;-3;-1;-2;2;0;-21;-40;-1;-2;-1;-1;2
-1;1;12;-24;-6;-1;0;-1;-2;-3;-34;-12;0;1;0;1;-1;2;33;29;-2;-3;-1;-1;-5;-1;6;-19;-1;-3;-1;-2;2;0;12;37;2;-2;-1;-4;2;2;-15;-17;0;-2;-2;0;-4;0;-16;-1;-1;-1;-1;-1;0;-1;7;3;-4;-2;0;-1;2
-1;-2;5;-5;-1;-1;0;-2;1;-2;-7;-16;0;-1;0;0;-1;-3;6;12;-5;-3;-1;-2;-1;0;-11;0;0;-1;-2;-1;5;0;3;9;0;-2;0;-3;-2;2;9;-5;-4;-4;-1;-1;-2;-2;-17;-25;0;1;2;-1;1;1;-1;16;0;-2;-2;-1;2
-7;-2;-22;-22;-2;0;-1;-1;-3;1;18;24;5;1;0;0;1;-3;-2;8;-2;-2;0;0;-1;-2;-8;-5;-3;-1;0;-1;-3;0;11;7;0;-1;0;-1;1;0;-4;-3;2;0;-3;-1;-1;0;5;-4;0;-1;0;-1;-3;-3;-4;-21;-9;-6;-3;-3;2
8;-1;-13;-12;-2;2;0;-1;-17;-5;-5;1;-7;-2;0;-4;2;2;27;-17;1;-1;-2;0;-6;-7;-28;14;0;-3;-2;-1;1;3;12;11;-4;-4;-1;-1;6;1;-20;0;1;0;0;0;1;3;33;3;0;0;-2;-1;-2;-1;-13;-34;-6;-2;-2;-3;2
-6;-7;-6;-18;-4;-1;-1;-2;3;-1;3;0;0;-3;0;0;-2;-2;-11;-2;1;-1;-1;-1;-2;-1;-11;1;-1;-3;-1;-2;-1;-1;27;12;-1;-2;-2;-1;1;-1;-3;-4;2;-1;-1;0;-3;-3;-30;-25;-5;-2;-1;-1;0;-2;-7;12;3;1;0;-2;2
-2;-3;8;-5;-1;-3;-3;-1;0;1;13;-5;-3;-2;-1;-2;-1;-2;-13;-20;0;0;-1;0;-3;1;-2;9;-3;-2;-1;-2;-3;-5;-10;-11;0;1;0;0;-1;0;10;-5;-3;-1;-1;-1;-1;-4;-11;6;-7;-2;-2;-1;-1;-2;-4;-13;5;-2;-1;0;2
-1;2;19;23;-1;0;-2;0;-2;-2;-5;-24;-4;-4;-2;-1;-1;2;13;8;2;-1;1;1;6;0;-8;24;3;-2;-3;-1;-21;-10;-11;-6;-3;-1;-2;-2;0;-2;-13;11;1;0;0;-1;-4;-1;15;-15;-2;-2;-1;-2;3;3;-12;-4;0;-1;1;1;2
0;0;-23;-20;-4;-2;-1;0;0;0;8;-24;-8;-2;-2;-3;-2;0;0;22;4;0;-1;-2;-1;3;-7;-9;-3;1;2;3;-2;-1;-16;14;1;-1;-4;-3;-2;-3;15;-4;-6;-3;-3;-4;1;2;14;0;-1;0;-2;0;-3;-4;-41;-9;-1;-2;-3;-2;2
-1;1;-2;9;2;1;0;-1;0;-2;-15;-12;0;-2;0;0;1;-5;-24;-24;-5;-2;-3;-1;-1;0;24;17;-2;-1;-2;-3;0;0;-13;-14;1;0;-1;-3;-2;-2;25;10;-1;-2;-3;-2;0;1;0;-5;1;1;0;0;-1;-2;-10;-8;0;1;0;-1;2
2;1;26;16;-2;-1;-1;-3;-3;-1;-3;-24;-7;-3;-3;-3;1;1;-2;8;-4;-1;-2;-2;-2;-3;-28;-18;0;-1;1;-1;0;-1;28;41;1;0;1;0;2;0;-10;6;1;0;-2;1;-2;0;-5;-25;-4;-1;-1;0;-4;-1;14;14;-3;-1;-1;-2;2
-3;1;25;13;-1;-2;-3;-2;1;2;-8;-47;-3;0;0;-1;-13;-9;-21;19;0;-5;-2;-2;-1;-1;-1;3;-2;-1;2;-1;-3;-1;13;-8;5;2;-1;-2;2;-2;-1;21;-1;0;-4;-1;1;-3;-20;-30;-6;-2;-3;-2;6;-2;-6;-1;-2;0;-1;-1;2
0;-3;-20;6;-3;0;0;1;0;-1;5;-8;-4;-2;1;0;0;-1;-1;6;1;0;0;0;-2;2;-1;-15;-1;1;1;1;1;-2;13;14;2;0;-2;-1;-1;2;-13;0;-1;0;0;-1;0;0;10;-2;1;2;1;-1;-3;-5;-33;1;-3;-3;-2;-3;2
0;-2;2;-3;2;1;1;-1;-2;-4;-11;6;4;0;-1;-2;-2;-4;-8;-6;-8;-4;-3;-2;-2;2;19;3;-2;-3;-3;-2;-2;-1;-6;-7;-5;-2;-3;-2;0;-1;-6;-12;-3;-2;0;-1;10;0;2;2;-2;-1;-2;0;-24;-3;1;-12;2;1;2;0;2
-3;-3;8;5;-4;-5;-3;-3;0;-2;15;-3;-1;-2;-1;-1;-9;-2;-14;-15;0;-3;-2;-2;-4;-3;26;23;1;1;1;-1;1;-2;-7;-6;-2;0;0;-1;-4;0;-12;-11;2;0;1;-1;-3;-6;-14;5;1;-5;-3;-3;7;7;6;4;-1;0;-1;-1;2
-3;-2;-4;3;-3;-2;-4;-3;-4;-1;-7;-11;-6;-1;-1;0;2;-1;-23;15;2;1;0;0;-4;-1;12;-3;-3;-3;-1;0;-1;-4;-3;-6;-2;-4;-3;-1;-3;0;-14;-19;3;1;-1;-1;-2;-3;1;17;-2;-2;-2;-2;5;2;-16;5;-1;-2;0;0;2
-1;1;-10;-3;-6;-1;0;-1;0;1;4;-9;2;-1;-1;-1;-4;-4;-5;16;1;1;-1;-2;6;1;8;4;4;1;0;-2;1;0;-8;-7;-1;-2;-2;0;-5;-5;-5;-6;-1;-3;-2;-3;2;1;7;7;0;2;0;0;-6;-5;-31;-25;-5;0;-1;-1;2
-1;1;8;6;-1;0;0;-1;12;-2;-41;-3;-1;1;0;-1;-14;-3;79;-1;-1;-1;-1;0;-1;-6;-24;24;-4;-5;-4;-3;-2;-2;-5;-16;-4;-3;0;1;-3;-4;-10;-8;-4;-3;-2;-2;4;0;-11;-20;-2;-2;-2;1;-2;-2;5;0;1;1;0;0;2
2;1;29;21;0;-3;-3;-1;-12;2;-39;-29;-4;-5;-3;-4;0;-7;27;21;-2;0;-2;-1;-4;-4;-17;-12;2;-1;-3;-1;-3;0;-5;-2;0;0;1;-1;6;-3;-2;4;-2;-2;-1;0;-3;2;12;-15;2;0;0;0;-7;-6;-31;-4;-2;-1;-2;-3;2
-1;1;6;26;9;-1;-3;-2;-3;-3;-18;-24;-4;-2;-1;-1;-1;1;7;13;0;0;-1;1;0;5;9;8;2;2;1;0;-11;-9;-24;-13;-1;-3;-2;-1;1;2;5;0;-4;-1;-1;0;-3;-4;-11;-1;3;1;-1;-1;3;2;11;2;-1;-2;-2;-1;2
1;-2;6;13;-1;-3;-2;-1;0;-2;11;20;1;1;-2;0;-1;0;-17;5;1;-1;-2;-2;-10;-7;-2;-17;-3;-1;-2;-1;3;2;-3;-4;-1;-1;1;-1;-6;-5;18;-17;-13;-6;-5;-4;3;-2;-23;22;-2;-2;-1;-1;1;-3;-1;-10;-3;-3;-2;0;2
-3;-3;-16;-3;-3;-2;0;-3;-5;-4;15;-14;-5;-3;-3;-1;-1;-1;-5;0;4;-1;-1;-1;-5;-2;19;-14;-7;-4;-2;-2;4;3;-4;8;-3;-1;1;0;-12;-4;-5;15;1;2;0;0;-2;-1;-10;-34;-3;0;0;-3;-2;1;26;25;1;0;0;0;2
-6;1;14;35;3;2;1;-2;-8;-4;-8;-23;-6;-4;-1;-1;4;-2;-4;5;2;0;0;0;-9;-4;-15;2;1;-4;-3;-3;1;-1;16;12;0;-1;0;-1;4;1;5;-13;-2;-2;-3;-2;-4;-1;7;3;-2;-1;-1;-1;6;-2;-13;-13;-3;0;0;0;2
-2;-2;3;-9;-1;0;-2;0;0;-3;-34;-51;-5;-2;-2;-1;2;1;19;50;-1;-2;0;1;-5;-3;-5;-4;1;2;0;1;-6;-3;17;7;-1;-1;-2;-4;5;-2;-9;-21;-4;-2;-1;1;-2;7;-7;3;2;1;-1;-2;-5;3;11;12;-4;-3;-2;-3;2
1;0;-12;-7;-2;0;1;-1;0;-2;-1;11;-2;-4;-3;-2;0;-4;-15;-9;-5;-6;-2;-2;3;1;-6;-2;-2;1;1;-1;-19;3;15;-1;0;0;-1;0;18;-2;-37;-21;3;1;0;0;-5;0;37;22;1;-3;-1;-2;-1;-5;3;15;-4;-3;-3;-3;2
-15;-16;-27;10;-4;-3;-2;-3;-1;1;24;-9;-1;0;-1;-1;-6;-2;-3;7;-1;-4;-5;-3;2;-1;-3;-16;0;0;-1;-1;1;1;3;17;4;1;-2;-2;-7;-2;15;30;-2;-3;-3;-1;3;-3;-25;-23;-9;-2;0;-2;-3;-5;3;16;-2;0;-2;-1;2
-6;-5;-30;-38;-3;-2;-2;-3;4;4;16;39;9;4;1;0;-5;-3;8;17;0;-4;-4;-3;9;1;-5;-9;3;1;-1;3;-5;-3;0;-1;-7;-3;-1;0;4;-1;-6;-22;0;1;0;1;6;-2;-9;6;-4;-5;-3;0;-23;-8;-27;0;0;-2;-3;-3;2
-5;-2;1;-2;-2;-4;-2;0;-14;0;-10;-10;0;-1;-1;-1;27;-1;-7;-35;-4;0;-2;-1;-20;-3;22;55;6;3;2;0;12;3;12;-1;-5;-5;-3;-3;-13;-12;-10;9;-3;-1;-1;0;-5;3;-1;-13;-3;-1;3;0;3;-2;4;22;4;0;-2;-1;2
-2;-1;-9;-13;-5;1;1;-1;-7;-1;6;32;0;-3;-2;-3;0;-5;0;-17;-6;-3;-3;-2;12;5;-2;19;5;1;2;-2;-6;-1;-1;-14;-2;0;-2;-1;10;-2;-7;-7;0;1;1;0;-17;-2;12;-12;-2;1;-1;-2;1;-5;-46;-5;-4;-4;-3;-2;2
-3;0;10;-7;-2;0;1;-1;-4;-5;-35;-30;-3;1;0;1;-13;-8;20;-3;0;-4;-4;-3;4;-2;12;19;-4;-3;-5;-1;-1;-4;-22;-13;-3;-1;-1;-2;0;-6;-17;-15;5;1;0;-1;-4;1;19;6;-3;0;0;-1;2;-2;-4;-9;-1;-2;-3;-3;2
2;-4;-56;-7;-1;0;-2;0;13;1;45;10;-5;-4;-3;-3;-23;-4;4;10;4;3;1;2;5;-1;0;-29;-1;-3;-2;-3;-5;0;10;27;1;0;0;2;-3;-1;-34;-31;-6;-4;-2;-2;5;4;-5;-18;-5;1;0;-1;-33;-2;0;-13;0;1;0;-2;2
15;2;-2;-19;-1;0;-1;-2;-31;-2;-6;-6;1;-1;-1;-2;17;0;-10;-19;1;0;1;1;-19;-8;-7;-22;-2;-3;-3;-3;-12;-3;1;12;-3;0;-2;-1;17;-3;-41;1;-1;-2;-1;1;-3;0;71;28;-2;-3;-3;-2;21;2;-4;-14;-1;-2;1;3;2
-11;-2;5;-7;-1;-2;-2;-3;13;2;-25;-16;-1;1;0;2;-3;-1;17;3;0;-1;-2;-3;-4;0;-5;22;1;0;-3;-2;-4;-1;-5;7;-3;-5;-5;-4;-10;0;14;6;2;0;-2;-2;2;-3;-17;-33;-7;-2;-1;-1;-6;-3;8;-4;-3;-2;-3;-1;2
3;-5;-32;52;-1;-5;-1;-2;-10;-4;-1;-12;0;1;0;-2;0;-3;1;-6;-4;-1;-3;-2;12;3;11;-4;-6;-3;-2;-2;-2;-1;-14;-19;-2;-1;-2;1;0;-3;-12;1;1;-1;-1;1;-8;1;24;13;3;0;-1;-1;7;-1;-36;10;-5;-2;-3;-1;2
16;-1;0;3;-1;-2;-2;1;-23;-3;22;-16;0;0;-2;-1;-2;0;-28;-7;0;-3;-1;-2;-7;0;21;-1;1;1;-2;-2;9;-3;-30;16;0;0;0;1;20;3;13;-18;-5;-2;-1;-1;-44;-9;-1;25;4;1;-2;-4;-3;-1;2;-7;-3;-1;1;0;2
1;2;19;-9;-2;1;1;0;-3;-5;-8;-7;0;-1;-1;-3;10;-1;-63;-57;-7;-1;-1;-2;2;6;73;44;4;-4;-2;-2;-17;-8;-10;5;-3;-4;-4;-1;2;0;14;17;-3;0;-2;1;7;3;14;3;4;0;-1;-1;-5;-7;-57;-52;-5;1;-1;-2;2
14;-3;-34;-5;-1;-2;-2;-2;-2;1;18;23;-2;-4;-3;-2;-3;-4;-10;-30;-5;2;0;1;-17;-1;23;29;2;-5;-4;-5;26;1;4;6;3;2;0;1;-9;-2;-33;-9;-1;-1;0;-1;3;0;12;-26;-4;-4;-2;-2;-14;-5;-11;-14;-4;0;-2;-2;2
5;-1;0;-17;-4;-3;-2;-1;-2;-4;-2;5;-2;-1;2;0;-5;0;1;0;-5;-2;-2;-1;2;1;2;-28;-1;1;-2;0;4;1;3;33;1;-2;0;1;-9;-6;16;7;3;-1;0;-4;5;-4;3;1;-1;-2;-2;-1;4;1;-14;-31;-4;0;3;0;2
-2;0;10;-10;0;2;-1;2;3;-4;-17;6;-2;-3;-3;-2;-10;-3;-3;-5;-5;-3;-2;-2;11;1;-7;24;3;1;0;0;-3;0;-3;-20;1;-1;-1;-2;4;0;33;4;-2;-2;-2;-1;-10;-5;-32;-22;-5;-4;-2;-2;-5;-3;4;-8;-1;-3;-3;-1;2
-3;-4;-25;-24;-8;-2;0;-1;-5;-7;13;33;5;1;-1;-2;14;7;-10;-30;-4;-1;2;-1;-5;0;51;19;-2;-3;-1;-2;4;-1;-25;1;0;-1;-1;0;0;1;-6;-20;-2;-1;-3;-2;-6;0;16;5;-1;-1;-1;-1;-30;-12;-43;2;0;-2;-1;-4;2
-15;-1;28;10;3;1;0;0;19;-2;-14;0;0;-1;0;0;-1;-2;-6;-20;-4;-2;-1;0;-9;-3;1;10;2;-1;-1;-3;16;6;4;3;-3;-2;-1;-3;-18;-9;-49;-39;-1;-2;-1;-3;-12;-3;61;49;-4;-3;-2;-4;11;9;-6;-7;3;3;0;0;2
-31;-13;-21;-7;-5;-1;-2;-2;16;3;8;14;-3;-1;-1;2;9;4;41;24;4;0;1;0;-4;-6;-18;4;1;-2;-3;-2;-1;0;-3;-10;0;-1;-1;-1;-1;7;17;4;-1;-1;0;-1;3;-4;-45;-30;-3;-1;-2;-1;-15;0;35;23;-2;-3;-2;-3;2
36;-4;-43;-23;-2;-2;-2;1;-28;-5;14;13;-1;-1;-3;-3;-1;-3;-18;4;-3;0;-3;0;5;1;-13;-14;-2;0;1;0;-9;1;6;-8;-3;-4;-4;-5;-1;-4;-16;9;1;-2;-2;-2;8;2;-2;-6;-4;0;1;0;-4;1;12;2;8;1;-1;-1;2
4;-2;-11;-12;-1;0;0;-1;-11;2;7;20;-1;-3;-2;-3;5;-3;2;-16;4;3;1;1;7;2;-29;-26;3;1;0;2;-2;0;0;20;-7;-8;-3;-2;-2;-1;18;4;0;-2;-1;-2;-3;-1;3;-23;-7;-5;-1;-4;-3;2;-38;6;3;3;2;2;2
-3;-7;-5;-2;-3;-2;-5;-2;-3;1;15;-6;-4;-2;-2;-1;4;-1;-16;-25;5;2;0;-1;-4;-3;14;41;1;-1;-1;-1;-6;-2;-17;-13;-1;-4;-2;-1;0;-4;-9;2;-3;-4;-3;-4;-2;0;-6;10;-4;-1;0;-1;4;2;15;-53;-7;-2;-2;-3;2
-1;0;-11;5;2;2;0;-1;-19;-3;11;8;-3;-3;-3;-2;4;1;-12;-31;-4;-2;2;-1;4;-3;5;17;-1;0;-1;-1;-6;3;-4;10;5;2;1;0;8;-1;12;-5;-3;-1;-1;-1;3;-3;-25;3;5;2;0;-2;-22;-4;33;-2;-7;-4;-2;-4;2
-4;0;6;-10;0;0;1;-2;-2;0;-16;-8;-1;0;0;-1;-2;0;15;-12;-3;-2;-2;-2;-1;-2;5;-12;-4;-1;0;0;16;4;-17;3;-3;-2;-1;-2;-16;-9;1;5;2;0;-2;-1;3;0;1;4;-3;-2;-1;-1;1;-4;-14;-3;-4;-5;-4;-1;2
-4;-2;54;56;4;-2;-3;0;-19;-3;-5;-20;-4;0;0;-1;47;0;-35;-9;0;-2;-2;0;-36;-4;35;10;1;1;-1;-1;2;3;-7;-5;-2;0;-1;-1;7;-1;3;7;0;-3;-3;-1;-22;-4;-11;-13;1;3;-1;-3;22;3;24;23;-3;-5;-2;1;2
-7;-4;-9;0;1;1;0;-1;-2;-2;1;-9;-3;-2;-2;-3;5;2;-3;-24;-11;-4;0;0;-3;-6;-23;0;4;1;-1;0;-3;-2;24;15;-5;-3;-3;-1;33;3;-12;9;-3;-2;-3;-1;-63;-14;10;3;-1;-1;-2;-3;22;2;-18;1;-2;3;1;3;2
9;2;-4;8;0;-1;0;-2;-28;-6;-4;4;3;1;-1;2;11;3;1;10;6;0;-2;0;-7;0;-6;-8;-5;-3;-3;-2;15;2;-14;-15;-3;-1;-2;0;-30;-4;-1;2;-2;-2;-1;-4;15;-1;8;4;2;-1;0;0;-3;-3;-26;-26;-6;-2;-1;-2;2
-1;-1;-12;2;-4;-3;-3;-3;10;0;6;-48;-1;0;2;1;-11;3;22;57;-2;-4;-4;-5;-3;-5;-28;-22;-6;-1;0;-1;-1;-1;15;17;-2;-3;-3;-2;2;0;-18;-5;-4;-4;-4;-2;28;6;-5;-15;0;3;2;1;-25;-7;15;-12;0;-3;-3;-3;2
20;-2;-40;28;5;0;-1;0;3;-3;31;-18;-5;-2;-2;-2;-6;-1;10;13;3;0;0;-1;-2;-5;-22;-5;-12;-4;-2;-2;0;0;21;-19;2;2;1;-1;2;-1;-27;28;5;0;1;-1;-1;2;39;8;-6;-4;-4;-3;-1;1;7;12;0;-2;-4;-2;2
-4;2;9;0;-3;-2;-2;-3;-6;-6;-7;-4;-2;-4;-1;-2;-5;2;-18;-3;0;-1;0;-2;-1;-4;29;-5;1;-1;-1;0;-2;2;-22;-4;-3;0;1;1;-9;-4;7;16;2;2;-2;-2;10;2;-5;3;0;-3;-3;-1;8;2;9;-19;1;0;1;0;2
-9;3;38;8;-2;-2;-3;-1;5;2;-9;1;6;6;4;0;-11;-2;-2;-18;-7;-2;-1;0;13;1;-8;17;-6;-3;-1;0;-8;-6;-37;20;-1;-4;-2;-2;2;1;37;-4;3;0;-1;1;5;0;-14;-2;-5;-3;-2;-4;1;-2;15;-12;-3;1;-1;-2;2
-17;-11;-7;3;-2;0;0;0;1;-5;1;-18;-6;-5;-4;0;-12;7;-1;0;1;1;0;0;5;-1;-19;-6;-1;0;-2;-2;7;1;-14;0;-2;-4;-2;-2;-2;1;31;-19;-3;1;0;0;4;-5;10;33;-1;-3;-2;-2;-7;-8;-55;-24;0;0;-3;-1;2
14;2;-4;-25;-6;2;1;0;-18;-4;-38;-20;-3;-1;0;-1;-19;-1;16;19;0;-2;-2;-3;40;6;-5;3;2;-1;-2;2;-12;-7;21;-15;0;0;-2;-1;6;-3;-22;15;6;-1;-3;-2;-4;-1;2;-5;-7;-1;1;1;-5;0;24;12;1;-2;-2;-3;2
4;1;-14;-1;-2;-1;0;-1;1;-2;29;-14;0;0;-1;-1;6;-1;5;29;1;0;-2;-1;-5;0;-11;-17;-4;-2;-2;-2;1;2;-3;10;0;-1;-1;-1;-12;-2;2;-11;-4;-1;-2;-3;14;-1;-8;-7;1;-2;0;1;6;4;-5;-15;-3;0;0;1;2
8;0;-15;13;-1;-2;-1;-1;-2;-1;26;9;-2;-2;-1;-2;-13;-10;-21;-26;-2;-1;0;-2;-2;0;0;15;2;1;-2;-1;3;2;28;11;1;-1;-3;-1;7;1;-5;-4;-4;0;0;-1;-7;1;-8;-9;-5;-2;-4;-3;13;-1;-3;5;3;-1;-3;-1;2
16;-1;-9;-26;-6;-2;0;4;-3;-3;-12;22;0;-3;-4;-4;1;2;8;5;0;-1;1;-1;-5;1;-10;-18;-2;2;0;-2;-11;-9;26;5;-5;-6;-2;-2;3;-2;-4;-6;1;1;0;-1;15;0;-17;0;-1;2;0;-2;-20;-5;-16;-7;2;-1;-2;-2;2
1;-1;34;26;-1;-2;-1;-3;-4;-1;-1;-7;-4;-3;-2;0;5;0;-20;-11;-3;-3;0;-1;-1;0;-4;-2;0;1;1;1;-3;-2;7;28;6;0;-1;0;-1;-3;22;13;-2;-2;-4;-2;-4;0;-17;-20;-4;-1;0;0;-5;-2;3;3;3;0;-1;-1;2
23;-1;-26;22;4;2;0;0;8;-1;-21;5;1;-1;-1;-2;-1;5;34;-9;-2;-2;-2;-1;-2;1;21;7;-2;-2;0;-1;-14;-4;-3;-10;-2;1;1;-2;4;-2;-24;-29;-2;1;-1;-1;-3;-5;11;25;-2;0;0;-1;0;2;-3;-15;-2;-3;-1;-1;2
